,Title,published_date,views,likes,favouriteCount,comments,Month
0,‡§ï‡§æ‡§®‡•ç‡§π‡§æ ‡§ï‡§æ ‡§Ü‡§∂‡•Ä‡§∞‡•ç‡§µ‡§æ‡§¶ ‡§π‡§∞ problems ‡§∏‡•á ‡§¨‡§ö‡§æ‡§§‡§æ ‡§π‡•à‡§Ç  #shorts #Vanshaj #Kanha #blessings,2024-01-23,25476,1007,0,4,Jan
1,Weekly ReLIV - Wagle Ki Duniya - Episodes 871 - 876 | 15 January 2024 To 20 January 2024,2024-01-21,8831,72,0,8,Jan
2,Chachi Insults Jaidev | Aangan Aapno Kaa | Ep 34 | Full Episode | 18 Jan 2024,2024-01-20,25953,679,0,11,Jan
3,Rajesh Leaves His Job | Wagle Ki Duniya | Ep 873 | Full Episode | 17 Jan 2024,2024-01-19,40283,587,0,30,Jan
4,Antidote Nahi Mil Raha | Dhruv Tara - Samay Sadi Se Pare | Ep 278 | Full Episode | 16 Jan 2024,2024-01-18,33816,852,0,25,Jan
5,Pashminna | Ep 71 & Ep 72 | RECAP | ‡§™‡§∂‡•ç‡§Æ‡•Ä‡§Ç‡§®‡§æ,2024-01-17,41196,742,0,12,Jan
6,Dakshesh ‡§≤‡•ú ‡§∞‡§π‡§æ ‡§π‡•à Vandana ‡§ï‡§æ Case | Wagle Ki Duniya,2024-01-16,31035,324,0,18,Jan
7,Dhruv Tara - Samay Sadi Se Pare | Ep 275 & Ep 276 | RECAP | ‡§ß‡•ç‡§∞‡•Å‡§µ ‡§§‡§æ‡§∞‡§æ - ‡§∏‡§Æ‡§Ø ‡§∏‡§¶‡•Ä ‡§∏‡•á ‡§™‡§∞‡•á,2024-01-14,110938,1299,0,34,Jan
8,Aangan Aapno Kaa | Ep 28 & Ep 29 | RECAP | ‡§Ü‡§Å‡§ó‡§® - ‡§Ö‡§™‡§®‡•ã‡§Ç ‡§ï‡§æ,2024-01-13,24724,346,0,12,Jan
9,Sodhi Aur Roshan Ki Sulha | Taarak Mehta Ka Ooltah Chashmah | Full Episode 3961 | 22 Dec 2023,2024-01-12,276807,3822,0,120,Jan
10,Pushpa Impossible | Ep 498 & Ep 499 |  RECAP | ‡§™‡•Å‡§∑‡•ç‡§™‡§æ ‡§á‡§Æ‡•ç‡§™‡•â‡§∏‡§ø‡§¨‡§≤,2024-01-11,72038,807,0,17,Jan
11,NEW! Taarak Mehta Ka Ooltah Chashmah | Ep 3977 | 10 Jan 2024 | Teaser,2024-01-10,1753451,27707,0,734,Jan
12,Backbenchers ‡§π‡•ã‡§®‡§æ ‡§≠‡•Ä ‡§è‡§ï talent ‡§π‡•à‡§Ç #shorts #relatable #backbenchers #vanshaj,2024-01-09,47579,1476,0,8,Jan
13,NEW! Wagle Ki Duniya | Ep 865 | 8 Jan 2024 | Teaser,2024-01-08,126491,1400,0,88,Jan
14,Pashminna | Ep 63 & Ep 64 |  RECAP | ‡§™‡§∂‡•ç‡§Æ‡•Ä‡§Ç‡§®‡§æ,2024-01-07,102440,1427,0,32,Jan
15,‡§Æ‡§Æ‡•ç‡§Æ‡•Ä ‡§ï‡§æ ‡§§‡•ã ‡§§‡§æ‡§™‡§Æ‡§æ‡§® ‡§π‡•Ä ‡§π‡§ø‡§≤ ‡§ó‡§Ø‡§æ ‡§π‡•à‡§Ç ‡§∏‡•Å‡§® ‡§ï‡•á #shorts #mom #caught #dhruvtara,2024-01-06,55398,1187,0,6,Jan
16,Vanshaj | ‡§µ‡§Ç‡§∂‡§ú | Ep 180 | Coming Up Next,2024-01-05,118373,1383,0,105,Jan
17,Vanshaj | Ep 176 & Ep 177 | RECAP | ‡§µ‡§Ç‡§∂‡§ú,2024-01-04,44225,589,0,8,Jan
18,Bachcho Ki Khushi Ke Liye Maan Jaao | Wagle Ki Duniya | Ep 848 | Full Episode | 19 Dec 2023,2024-01-03,65219,586,0,17,Jan
19,Gokuldham ‡§µ‡§æ‡§∏‡§ø‡§Ø‡•ã‡§Ç ‡§ï‡•Ä ‡§Ü‡§Å‡§ñ‡•ã‡§Ç ‡§™‡§∞ ‡§ï‡•ç‡§Ø‡•ã‡§Ç ‡§π‡•à ‡§™‡§ü‡•ç‡§ü‡•Ä? | Taarak Mehta Ka Ooltah Chashmah | Comedy Lagataar,2024-01-01,13250,167,0,10,Jan
20,Kabir Ki Paheli | Vanshaj | Ep 162 | Full Episode | 16 Dec 2023,2023-12-31,41008,420,0,15,Dec
21,Stress ‡§§‡•ã ‡§Ö‡§≤‡§ó ‡§π‡•Ä ‡§§‡§æ‡§™‡§Æ‡§æ‡§® ‡§™‡§∞ ‡§π‡•ã‡§§‡§æ ‡§π‡•à‡§Ç #shorts #exam #sibling #dhruvtara,2023-12-30,59310,1642,0,13,Dec
22,Sodhi's Anniversary | Taarak Mehta Ka Ooltah Chashmah | Ep 3949 | Full Episode | 8 Dec 2023,2023-12-29,433466,6064,0,113,Dec
23,‡§∏‡•ã‡§§‡•á ‡§π‡•Å‡§è ‡§ï‡§ø‡§∏‡§ï‡•á ‡§∏‡§™‡§®‡•ã‡§Ç ‡§Æ‡•á‡§Ç ‡§ñ‡•ã‡§Ø‡§æ ‡§π‡•à Jethalal? | Taarak Mehta Ka Ooltah Chashmah,2023-12-28,121084,811,0,24,Dec
24,Wagle Ki Duniya | Ep 853 & Ep 854 | RECAP | ‡§µ‡§æ‡§ó‡§≤‡•á ‡§ï‡•Ä ‡§¶‡•Å‡§®‡§ø‡§Ø‡§æ,2023-12-27,26678,266,0,8,Dec
25,Jetha ‡§ï‡§ø‡§∏‡§ï‡•á Room ‡§Æ‡•á‡§Ç ‡§ò‡•Å‡§∏ ‡§∞‡§π‡§æ ‡§π‡•à Secretly? | Taarak Mehta Ka Ooltah Chashmah | Pizza Party,2023-12-26,27071,526,0,23,Dec
26,Weekly ReLIV - Vanshaj - Episodes 163 - 168 | 18 December 2023 To 23 December 2023,2023-12-24,24631,204,0,11,Dec
27,Vanshaj | Ep 166 & Ep 167 | RECAP | ‡§µ‡§Ç‡§∂‡§ú,2023-12-23,72147,895,0,29,Dec
28,Santa Claus ‡§®‡•á ‡§≤‡§ó‡§æ‡§Ø‡§æ Vivaan ‡§ï‡•ã ‡§ó‡§≤‡•á ‡§∏‡•á | Baalveer Returns | Christmas Special,2023-12-22,14584,147,0,24,Dec
29,‡§Ø‡§π‡•Ä ‡§§‡•ã ‡§ñ‡§æ‡§∏ ‡§¨‡§æ‡§§ ‡§π‡•à ‡§≤‡§°‡§º‡§ï‡•ã ‡§ï‡•á ‡§¶‡•ã‡§∏‡•ç‡§§‡•Ä ‡§ï‡•Ä ü´†‚ù§Ô∏è#Boys #Friends #Memes #Shorts #TMKOC #Content #Fun,2023-12-21,225519,15522,0,9,Dec
30,Pallavi And Jaidev's Fight | Aangan Aapno Kaa | Ep 7 | Full Episode | 18 Dec 2023,2023-12-20,40192,911,0,15,Dec
31,NEW! Taarak Mehta Ka Ooltah Chashmah | Ep 3958 | 19 Dec 2023 | Teaser,2023-12-19,2335329,36169,0,1206,Dec
32,Nick ‡§î‡§∞ Kiara ‡§ï‡•Ä Date Night ‡§ï‡§ø‡§∏‡§®‡•á ‡§ï‡•Ä Spoil? | Wagle Ki Duniya,2023-12-19,58419,533,0,7,Dec
33,Weekly ReLIV - Wagle Ki Duniya - Episodes 841 to 846. | 11 December To 16 December 2023,2023-12-17,21561,174,0,14,Dec
34,‡§á‡§®‡§ï‡§æ ‡§§‡•ã DJ ‡§Æ‡•á‡§∞‡•á ‡§ï‡§æ‡§®‡•ã ‡§Æ‡•á‡§Ç ‡§ó‡•Ç‡§Å‡§ú ‡§∞‡§π‡§æ ‡§π‡•à‡§Ç ‡§Ö‡§¨ ‡§§‡§ï #shorts #dj #vanshaj #ruralshaadi,2023-12-16,41631,1135,0,8,Dec
35,Pallavi Questions Jaidev | Aangan Aapno Kaa | Ep 3 | Full Episode | 13 Dec 2023,2023-12-15,48751,1071,0,29,Dec
36,Dhruv Tara ‚Äì Samay Sadi Se Pare | ‡§ß‡•ç‡§∞‡•Å‡§µ ‡§§‡§æ‡§∞‡§æ  | Ep 251 | Coming Up Next,2023-12-14,186642,2504,0,111,Dec
37,NEW! Taarak Mehta Ka Ooltah Chashmah | Ep 3953 | 13 Dec 2023 | Teaser,2023-12-13,2491934,38040,0,1780,Dec
38,Dhruv Tara ‚Äì Samay Sadi Se Pare | ‡§ß‡•ç‡§∞‡•Å‡§µ ‡§§‡§æ‡§∞‡§æ  | Ep 249 | Coming Up Next,2023-12-12,181043,2547,0,152,Dec
39,Jetha ‡§ï‡•ç‡§Ø‡•ã‡§Ç ‡§¨‡•à‡§†‡§æ ‡§π‡•à Seth Ji ‡§ï‡•Ä ‡§ü‡•ã‡§™‡•Ä ‡§™‡§π‡§®‡§ï‡§∞? | Taarak Mehta Ka Ooltah Chashmah | Rewind 2023,2023-12-11,33873,262,0,7,Dec
40,Tara ki Shaadi Ka Sach | Dhruv Tara - Samay Sadi Se Pare | Ep 234 | Full Episode | 25 Nov 2023,2023-12-10,62046,652,0,26,Dec
41,Raghav's Jealousy | Pashminna | Ep 27 | Full Episode | 24 Nov 2023,2023-12-09,112013,987,0,24,Dec
42,‡§ó‡§æ‡§®‡•á ‡§≤‡•ã‡§ó‡•ã ‡§ï‡•ã ‡§ú‡•ã‡§°‡§º‡§§‡•á ‡§π‡•à #Music #Waglekiduniya #Love #songs,2023-12-08,20628,879,0,7,Dec
43,‡§™‡§∞‡§ø‡§µ‡§æ‡§∞ ‡§¶‡§ø‡§≤ ‡§∏‡•á ‡§¨‡§®‡§§‡§æ ‡§π‡•à‡§Ç ‚ù§Ô∏è #shorts #parivaar #pashminna #family,2023-12-07,30301,1189,0,4,Dec
44,‡§è‡§ï ‡§õ‡•ã‡§ü‡§æ ‡§ï‡§¶‡§Æ ‡§ï‡§æ‡§´‡•Ä ‡§¨‡§°‡§º‡§æ ‡§™‡§∞‡§ø‡§µ‡§∞‡•ç‡§§‡§® ‡§≤‡§æ ‡§∏‡§ï‡§§‡§æ ‡§π‡•à‡§Ç #shorts #impactful #waghlekiduniya,2023-12-06,20160,928,0,6,Dec
45,‡§Æ‡•á‡§∞‡§æ romance ‡§§‡•ã ‡§∂‡•Å‡§∞‡•Ç ‡§π‡•ã‡§§‡•á ‡§π‡•Ä ‡§ñ‡§º‡§§‡§Æ ‡§π‡•ã‡§ó‡§Ø‡§æ!  #shorts #mom #girlfriend #funny,2023-12-05,17112,625,0,6,Dec
46,Weekly ReLIV - Dhruv Tara - Samay Sadi Se Pare - Episodes 235 - 240 | 27 Nov 2023 To 02 Dec 2023,2023-12-03,80738,542,0,16,Dec
47,Vanshaj | ‡§µ‡§Ç‡§∂‡§ú | Ep 151 | Coming Up Next,2023-12-02,142222,1949,0,103,Dec
48,Raghav Aur Pashminna Ka Accident | Pashminna | Ep 31 | Full Episode | 29 Nov 2023,2023-12-01,58098,1305,0,11,Dec
49,NEW! Vanshaj | Ep 148 | 30 Nov 2023 | Teaser,2023-11-30,164911,2564,0,110,Nov
50,Vanshaj | Ep 145 & Ep 146 | RECAP | ‡§µ‡§Ç‡§∂‡§ú,2023-11-29,109066,1588,0,42,Nov
51,Ladies ‡§®‡•á Kitty ‡§ï‡•á ‡§™‡•à‡§∏‡•ã‡§Ç ‡§∏‡•á ‡§ñ‡§∞‡•Ä‡§¶‡§æ Gold Set | Taarak Mehta Ka Ooltah Chashmah | Comedy Lagataar,2023-11-28,124360,1329,0,49,Nov
52,Tapu ‡§®‡•á Taarak ‡§ï‡•Ä Bowling ‡§™‡•á ‡§Æ‡§æ‡§∞‡•á Back-To-Back Six |Taarak Mehta Ka Ooltah Chashmah |Comedy Lagataar,2023-11-26,500469,5118,0,142,Nov
53,Experiment Hua Chalu | Wagle Ki Duniya | Ep 815 | Full Episode | 10 Nov 2023,2023-11-25,166255,1200,0,66,Nov
54,Rashi Is Worried For Dilip | Pushpa Impossible | Ep 456 | Full Episode | 21 Nov 2023,2023-11-23,36339,520,0,10,Nov
55,NEW! Vanshaj | Ep 141 | 22 Nov 2023 | Teaser,2023-11-22,171209,2515,0,75,Nov
56,Kya Asli Ganapati Bappa Aaye The Bhakti Se Milne? | Taarak Mehta Ka Ooltah Chashmah | Mon-Sat 8:30pm,2023-11-21,2986,31,0,4,Nov
57,‡§ï‡•ç‡§Ø‡§æ Tapu Sena ‡§π‡•ã ‡§ó‡§à ‡§π‡•à Expose? | Taarak Mehta Ka Ooltah Chashmah | Pizza Party,2023-11-20,12174,131,0,6,Nov
58,NEW! Vanshaj | Ep 138 | 18 Nov 2023 | Teaser,2023-11-18,314637,4180,0,206,Nov
59,Dhruv Near Navrangvan | Dhruv Tara - Samay Sadi Se Pare | Ep 214 | Full Episode | 2 Nov 2023,2023-11-17,94860,954,0,28,Nov
60,NEW! Dhruv Tara - Samay Sadi Se Pare | EP 225 | 15 Nov 2023 | Teaser,2023-11-15,350357,4714,0,201,Nov
61,Pashminna | Ep 16 & Ep 17 |  RECAP | ‡§™‡§∂‡•ç‡§Æ‡•Ä‡§Ç‡§®‡§æ,2023-11-14,71401,912,0,15,Nov
62,Weekly ReLIV - Pushpa Impossible - Episodes 437 - 442 | 30 October 2023 To 4 November 2023,2023-11-12,11484,87,0,2,Nov
63,Sonal Aur Manish Ka Invite | Pushpa Impossible | Ep 445 | Full Episode | 8 Nov 2023,2023-11-10,39555,574,0,12,Nov
64,Sachai Ka Video | Vanshaj | Ep 128 | Full Episode | 7 Nov 2023,2023-11-09,56995,1260,0,30,Nov
65,Bhide ‡§®‡•á ‡§≤‡§ø‡§Ø‡§æ 'Gokul ‡§ï‡•á ‡§ó‡•ç‡§µ‡§æ‡§≤‡•á' ‡§ï‡§æ Getup | Taarak Mehta Ka Ooltah Chashmah | Comedy Lagataar,2023-11-08,29853,265,0,15,Nov
66,NEW! Vanshaj | Ep 127 | 6 Nov 2023 | Teaser,2023-11-06,213114,3013,0,130,Nov
67,Pashminna | ‡§™‡§∂‡•ç‡§Æ‡•Ä‡§Ç‡§®‡§æ | Ep 11 | Coming Up Next,2023-11-04,151416,1810,0,14,Nov
68,Vanshaj | Ep 123 & Ep 124 | RECAP | ‡§µ‡§Ç‡§∂‡§ú,2023-11-03,87080,1161,0,34,Nov
69,Dhruv Tara ‚Äì Samay Sadi Se Pare | ‡§ß‡•ç‡§∞‡•Å‡§µ ‡§§‡§æ‡§∞‡§æ  | Ep 214 | Coming Up Next,2023-11-01,282970,4000,0,113,Nov
70,Jetha ‡§®‡•á ‡§ö‡•ã‡§∞‡•Ä ‡§ï‡§ø‡§Ø‡§æ Goli ‡§ï‡§æ Tiffin | Taarak Mehta Ka Ooltah Chashmah,2023-10-31,21531,274,0,19,Oct
71,Dhruv Tara - Samay Sadi Se Pare | Ep 209 & Ep 210 | RECAP | ‡§ß‡•ç‡§∞‡•Å‡§µ ‡§§‡§æ‡§∞‡§æ - ‡§∏‡§Æ‡§Ø ‡§∏‡§¶‡•Ä ‡§∏‡•á ‡§™‡§∞‡•á,2023-10-29,265483,2907,0,35,Oct
72,Pushpa Impossible | ‡§™‡•Å‡§∑‡•ç‡§™‡§æ ‡§á‡§Ç‡§™‡§æ‡§∏‡§ø‡§¨‡§≤  | Ep 436 | Coming Up Next,2023-10-27,130502,1436,0,78,Oct
73,Arrangement Waali Shaadi | Dil Diyaan Gallaan - Dil Ki Baatein | Full Episode | EP 262 | 12 Oct 2023,2023-10-26,34719,391,0,9,Oct
74,NEW! Taarak Mehta Ka Ooltah Chashmah | Ep 3911 | 25 Oct 2023 | Teaser,2023-10-25,2362217,36455,0,818,Oct
75,Maan Ka Pachtava | Dil Diyaan Gallaan - Dil Ki Baatein | Full Episode | EP 260 | 10 Oct 2023,2023-10-24,35455,391,0,10,Oct
76,‡§ï‡§ø‡§∏‡§®‡•á ‡§≤‡§ó‡§æ‡§Ø‡§æ Bhide ‡§™‡§∞ Fraud ‡§ï‡§æ ‡§Ü‡§∞‡•ã‡§™? | Taarak Mehta Ka Ooltah Chashmah | Comedy Lagataar,2023-10-23,109090,1073,0,27,Oct
77,Salty Has To Kill Dilpreet | Dil Diyaan Gallaan-Dil Ki Baatein | Full Episode | EP 268 | 19 Oct 2023,2023-10-21,25587,510,0,27,Oct
78,Sodhi ‡§®‡•á ‡§ï‡•ç‡§Ø‡•ã‡§Ç ‡§ï‡§ø‡§Ø‡§æ Iyer ‡§™‡§∞ ‡§Ö‡§ö‡§æ‡§®‡§ï ‡§π‡§Æ‡§≤‡§æ? | Taarak Mehta KaOoltah Chashmah | Milk Story,2023-10-20,5253351,32651,0,364,Oct
79,NEW! Pushpa Impossible | Ep 427 | 18 Oct 2023 | Teaser,2023-10-18,183272,2180,0,59,Oct
80,NEW! Dhruv Tara - Samay Sadi Se Pare | EP 200 | 17 Oct 2023 | Teaser,2023-10-17,374404,4958,0,246,Oct
81,Kya Karegi Pushpa? | Pushpa Impossible | Ep 423 | Full Episode | 13 Oct 2023,2023-10-15,30603,463,0,12,Oct
82,Vanshaj | ‡§µ‡§Ç‡§∂‡§ú | Ep 109 | Coming Up Next,2023-10-14,126393,1830,0,78,Oct
83,‡§Ü‡§ß‡•Ä ‡§∞‡§æ‡§§ ‡§Æ‡•á‡§Ç ‡§ï‡•ç‡§Ø‡§æ ‡§∏‡•ã‡§ö ‡§ï‡§∞ ‡§â‡§† ‡§ó‡§Ø‡§æ Jetha? | Taarak Mehta KaOoltah Chashmah | Sundar Ki Dukan,2023-10-13,28374,208,0,5,Oct
84,Rajesh Ki Car | Wagle Ki Duniya | Ep 787 | Full Episode | 9 Oct 2023,2023-10-11,58623,620,0,39,Oct
85,Conspiracy Against Yuvika | Vanshaj | Ep 102 | Full Episode | 7 Oct 2023,2023-10-10,68156,1437,0,44,Oct
86,Majboor Maan | Dil Diyaan Gallaan - Dil Ki Baatein | Full Episode | EP 257 | 6 Oct 2023,2023-10-08,28503,561,0,8,Oct
87,Dil Diyaan Gallaan - Dil Ki Baatein | Ep 256 & Ep 257 | RECAP | ‡§¶‡§ø‡§≤ ‡§¶‡§ø‡§Ø‡§æ‡§Å ‡§ó‡§≤‡•ç‡§≤‡§æ‡§Å - ‡§¶‡§ø‡§≤ ‡§ï‡•Ä ‡§¨‡§æ‡§§‡•á‡§Ç,2023-10-07,12882,162,0,7,Oct
88,Wagle Ki Duniya | ‡§µ‡§æ‡§ó‡§≤‡•á ‡§ï‡•Ä ‡§¶‡•Å‡§®‡§ø‡§Ø‡§æ | Ep 785 | Coming Up Next,2023-10-05,66452,745,0,17,Oct
89,‡§ï‡•å‡§® ‡§´‡•ã‡§°‡§º‡•á‡§ó‡§æ Iccha Purti ‡§Æ‡§ü‡§ï‡•Ä? | Taarak Mehta Ka Ooltah Chashmah |Ep 3875 | Full Episode |13 Sep 2023,2023-10-04,472470,7187,0,161,Oct
90,Vandana Ka Treatment | Wagle Ki Duniya | Ep 769 | Full Episode | 18 Sep 2023,2023-10-03,87370,779,0,24,Oct
91,Cricket ‡§ï‡•á Costume ‡§Æ‡•á‡§Ç Jetha ‡§™‡§π‡•Å‡§Ç‡§ö‡§æ Society | Taarak Mehta Ka Ooltah Chashmah | Comedy Lagataar,2023-10-01,86626,962,0,45,Oct
92,"PASHMINNA ‚Äì DHAAGE MOHABBAT KE | 25th OCT ONWARDS, 7.30 PM | NEW LAUNCH | SONY SAB",2023-09-29,40895,657,0,146,Sep
93,A Traitor Or A Savior - Baalveer S3 - Ep 19 - Full Episode - Action Dhamaka,2023-09-28,22762,648,0,34,Sep
94,Mahendra Has Left | Pushpa Impossible | Ep 396 | Full Episode | 12 Sep 2023,2023-09-27,28364,286,0,12,Sep
95,NEW! Taarak Mehta Ka Ooltah Chashmah | Ep 3885 | 25 Sep 2023 | Teaser,2023-09-25,2705793,45575,0,551,Sep
96,Dosti Ka Dhaga | Pushpa Impossible | Ep 394 | Full Episode | 9 Sep 2023,2023-09-24,37357,372,0,8,Sep
97,Dushyant Ka Prank | Pushpa Impossible | Ep 403 | Full Episode | 20 Sep 2023,2023-09-22,29778,459,0,10,Sep
98,NEW! Taarak Mehta Ka Ooltah Chashmah | Ep 3882 | 21 Sep 2023 | Teaser,2023-09-21,2293877,39634,0,575,Sep
99,Taarak ‡§®‡•á ‡§¨‡§§‡§æ‡§Ø‡§æ ‡§™‡§Ç‡§°‡§æ‡§≤ ‡§Æ‡•á‡§Ç ‡§Ü‡§®‡•á ‡§ï‡§æ Secret | Taarak Mehta Ka Ooltah Chashmah | Ganesh Chaturthi,2023-09-20,39263,378,0,31,Sep
100,Dhruv Tara ‚Äì Samay Sadi Se Pare | ‡§ß‡•ç‡§∞‡•Å‡§µ ‡§§‡§æ‡§∞‡§æ  | Ep 177 | Coming Up Next,2023-09-19,89762,1330,0,56,Sep
101,Bhide Ne Kharab Kiya Jetha Ka Long Drive Ka Dream | Taarak Mehta Ka Ooltah Chashmah | Mon-Sat 8:30pm,2023-09-18,8333,90,0,10,Sep
102,Baalveer Saves Benaam | Baalveer S3 | Ep 87 | Full Episode | 21 Aug 2023,2023-09-17,625208,12493,0,398,Sep
103,NEW! Vanshaj | Ep 83 | 15 Sep 2023 | Teaser,2023-09-15,149663,1874,0,85,Sep
104,Taarak ‡§ï‡•Ä Advise ‡§™‡•á Jatha ‡§ï‡§∞‡§®‡•á ‡§≤‡§ó‡§æ Funny Acting | Taarak Mehta Ka Ooltah Chashmah | Comedy Lagataar,2023-09-14,24210,236,0,20,Sep
105,Nimrit Ki Kadvi Zubaan | Dil Diyaan Gallaan - Dil Ki Baatein | Full Episode | EP 225 | 30 Aug 2023,2023-09-13,105183,1264,0,24,Sep
106,Dhruv Tara - Samay Sadi Se Pare | Ep 168 & Ep 169 | RECAP | ‡§ß‡•ç‡§∞‡•Å‡§µ ‡§§‡§æ‡§∞‡§æ - ‡§∏‡§Æ‡§Ø ‡§∏‡§¶‡•Ä ‡§∏‡•á ‡§™‡§∞‡•á,2023-09-12,172132,1959,0,44,Sep
107,Maa Ki Jagah Bacche Ki Jaan | Dil Diyaan Gallaan-Dil Ki Baatein | Full Episode | EP 233 | 8 Sep 2023,2023-09-10,41803,693,0,13,Sep
108,NEW! Dil Diyaan Gallaan - Dil Ki Baatein | EP 234 | 9 Sep 2023 | Teaser,2023-09-09,271050,3529,0,152,Sep
109,Dil Diyaan Gallaan - Dil Ki Baatein | Ep 231 & Ep 232 | RECAP | ‡§¶‡§ø‡§≤ ‡§¶‡§ø‡§Ø‡§æ‡§Å ‡§ó‡§≤‡•ç‡§≤‡§æ‡§Å - ‡§¶‡§ø‡§≤ ‡§ï‡•Ä ‡§¨‡§æ‡§§‡•á‡§Ç,2023-09-08,90603,1055,0,25,Sep
110,Viren Ka Invitation | Pushpa Impossible | Ep 379 | Full Episode | 23 Aug 2023,2023-09-07,36867,339,0,7,Sep
111,Pushpa Impossible | ‡§™‡•Å‡§∑‡•ç‡§™‡§æ ‡§á‡§Ç‡§™‡§æ‡§∏‡§ø‡§¨‡§≤  | Ep 391 | Coming Up Next,2023-09-05,59069,756,0,26,Sep
112,Dil Diyaan Gallaan - Dil Ki Baatein | ‡§¶‡§ø‡§≤ ‡§¶‡§ø‡§Ø‡§æ‡§Å ‡§ó‡§≤‡•ç‡§≤‡§æ‡§Å - ‡§¶‡§ø‡§≤ ‡§ï‡•Ä ‡§¨‡§æ‡§§‡•á‡§Ç | Ep 230 | Coming Up Next,2023-09-04,114390,1278,0,41,Sep
113,Vanshaj | ‡§µ‡§Ç‡§∂‡§ú | Ep 73 | Coming Up Next,2023-09-02,133225,1687,0,59,Sep
114,NEW! Wagle Ki Duniya | Ep 755 | 1 Sep 2023 | Teaser,2023-09-01,256676,2527,0,53,Sep
115,Bhide's Rules And Regulations | Taarak Mehta Ka Ooltah Chashmah | Bindass Bhide,2023-08-31,20825,244,0,9,Aug
116,Ek Se Bhale Do | Baalveer S3 | Ep 93 | Full Episode | 28 Aug 2023,2023-08-30,453336,10216,0,213,Aug
117,Vanshaj | Ep 66 & Ep 67 | RECAP | ‡§µ‡§Ç‡§∂‡§ú,2023-08-29,105171,1390,0,61,Aug
118,Jai Ho Shubh Ho | Dhruv Tara - Samay Sadi Se Pare | Ep 155 | Full Episode | 25 Aug 2023,2023-08-27,101005,2148,0,69,Aug
119,Popatlal ‡§ï‡•ã ‡§Æ‡§ø‡§≤‡•Ä Gift ‡§Æ‡•á‡§Ç ‡§ó‡§æ‡§°‡§º‡•Ä  | Taarak Mehta Ka Ooltah Chashmah | Popatlal ki Shaadi Fraud Se,2023-08-26,30388,286,0,10,Aug
120,Dil Diyaan Gallaan - Dil Ki Baatein |  Ep 219 & Ep 220 | RECAP | ‡§¶‡§ø‡§≤ ‡§¶‡§ø‡§Ø‡§æ‡§Å ‡§ó‡§≤‡•ç‡§≤‡§æ‡§Å - ‡§¶‡§ø‡§≤ ‡§ï‡•Ä ‡§¨‡§æ‡§§‡•á‡§Ç,2023-08-25,16457,199,0,4,Aug
121,Jetha ‡§ï‡•á ‡§ò‡§∞ ‡§™‡•á ‡§ï‡•ç‡§Ø‡•ã‡§Ç ‡§Ü‡§à ‡§™‡•Ç‡§∞‡•Ä Police Team? | Taarak Mehta Ka Ooltah Chashmah | Comedy Lagataar,2023-08-24,81673,850,0,17,Aug
122,Viren Ka Vaar | Pushpa Impossible | Ep 376 | Full Episode | 19 Aug 2023,2023-08-22,36668,462,0,6,Aug
123,Dil Diyaan Gallaan - Dil Ki Baatein | ‡§¶‡§ø‡§≤ ‡§¶‡§ø‡§Ø‡§æ‡§Å ‡§ó‡§≤‡•ç‡§≤‡§æ‡§Å - ‡§¶‡§ø‡§≤ ‡§ï‡•Ä ‡§¨‡§æ‡§§‡•á‡§Ç | Ep 218 | Coming Up Next,2023-08-21,121710,1703,0,51,Aug
124,Yuvika Gets Kidnapped | Vanshaj | Ep 58 | Full Episode | 17 Aug 2023,2023-08-19,71137,1392,0,51,Aug
125,Tapu ‡§®‡•á ‡§â‡§†‡§æ‡§®‡•á ‡§ï‡•á ‡§¨‡§¶‡§≤‡•á ‡§ó‡§ø‡§∞‡§æ ‡§¶‡§ø‡§Ø‡§æ Goli ‡§ï‡•ã | Taarak Mehta Ka Ooltah Chashmah | Comedy Lagataar,2023-08-18,132158,1202,0,18,Aug
126,NEW! Taarak Mehta Ka Ooltah Chashmah | Ep 3852 | 17 Aug 2023 | Teaser,2023-08-17,2725077,39366,0,462,Aug
127,Taarak Mehta Ka Ooltah Chashmah | ‡§§‡§æ‡§∞‡§ï ‡§Æ‡•á‡§π‡§§‡§æ | Ep 3852 | Coming Up Next,2023-08-16,189868,3144,0,58,Aug
128,Dilpreet Aur Biji Ki Galat Fehmiyan| Dil Diyaan Gallaan-Dil Ki Baatein| Full Episode 210|12 Aug 2023,2023-08-15,29182,536,0,5,Aug
129,Chairman Dhanraj | Vanshaj | Ep 53 | Full Episode | 11 Aug 2023,2023-08-13,79985,1562,0,50,Aug
130,Jethalal ‡§ï‡•Ä ‡§Æ‡•Ä‡§†‡•Ä ‡§®‡•Ä‡§Ç‡§¶ ‡§¨‡§®‡•Ä ‡§â‡§∏‡§ï‡•á ‡§°‡§∞‡§æ‡§µ‡§®‡•á ‡§∏‡§™‡§®‡•á ‡§ï‡§æ ‡§ï‡§æ‡§∞‡§£ | Taarak Mehta Ka Ooltah Chashmah,2023-08-12,16798,186,0,10,Aug
131,NEW! Dil Diyaan Gallaan - Dil Ki Baatein | EP 209 | 11 Aug 2023 | Teaser,2023-08-11,109197,1411,0,51,Aug
132,Vanshaj | Ep 50 & Ep 51 | RECAP | ‡§µ‡§Ç‡§∂‡§ú,2023-08-10,55091,704,0,27,Aug
133,Aageel Aur Kaashvi Ka Connection | Baalveer S3 | Ep 53 | Full Episode | 12 July 2023,2023-08-09,895192,17194,0,334,Aug
134,#KhulKeBolo Promo,2023-08-08,8372,126,0,9,Aug
135,Weekly ReLIV - Pushpa Impossible - Episodes 359 To 364 | 31 July 2023 To 5 Aug 2023,2023-08-06,52184,389,0,9,Aug
136,Bhide's Problematic Clothes | Taarak Mehta Ka Ooltah Chashmah | Bindass Bhide,2023-08-05,19623,233,0,12,Aug
137,Bachho Ki Ek Aur Koshish| Dil Diyaan Gallaan - Dil Ki Baatein | Full Episode | EP 191 | 21 July 2023,2023-08-04,70855,779,0,5,Aug
138,Wagle Ki Duniya | Ep 728 & Ep 729 | RECAP | ‡§µ‡§æ‡§ó‡§≤‡•á ‡§ï‡•Ä ‡§¶‡•Å‡§®‡§ø‡§Ø‡§æ,2023-08-03,56517,445,0,8,Aug
139,Yuvika's Success | Vanshaj | Ep 32 | Full Episode | 18 July 2023,2023-08-02,166316,1913,0,40,Aug
140,Pushpa Impossible | ‡§™‡•Å‡§∑‡•ç‡§™‡§æ ‡§á‡§Ç‡§™‡§æ‡§∏‡§ø‡§¨‡§≤  | Ep 360 | Coming Up Next,2023-07-31,50415,577,0,9,Jul
141,Weekly ReLIV - Baalveer S3 - Episodes 57 To 62 | 16 July 2023 To 21 July 2023,2023-07-30,502472,8122,0,96,Jul
142,"Sodhi ‡§®‡•á Bhide ‡§ï‡•ã ‡§¶‡•Ä ""Biwi Bike"" ‡§≤‡•á‡§®‡•á ‡§ï‡•Ä Advise | Taarak Mehta Ka Ooltah Chashmah | Comedy Lagataar",2023-07-29,89423,1212,0,33,Jul
143,NEW! Wagle Ki Duniya | Ep 725 | 27 July 2023 | Teaser,2023-07-27,113542,1140,0,32,Jul
144,Bhide's Shocking Announcement About Abdul | Taarak Mehta Ka Ooltah Chashmah | Bhide Bhadke,2023-07-26,20082,240,0,18,Jul
145,Baalveer S3 | ‡§¨‡§æ‡§≤‡§µ‡•Ä‡§∞ 3 | Ep 65 | Coming Up Next,2023-07-25,193125,6847,0,113,Jul
146,Weekly ReLIV - Pushpa Impossible - Episodes 357 To 362 | 17 July 2023 To 22 July 2023,2023-07-23,73241,556,0,7,Jul
147,NEW! Taarak Mehta Ka Ooltah Chashmah | Ep 3830 | 22 July 2023 | Teaser,2023-07-22,2389925,36377,0,652,Jul
148,Riya's Surgery | Dil Diyaan Gallaan - Dil Ki Baatein | Full Episode | EP 179 | 7 July 2023,2023-07-21,101553,1043,0,8,Jul
149,Yuvika Ko Mili Sambhalkar Rehne Ki Advice | Vanshaj | Mon - Sat | 10:00pm,2023-07-20,2355,16,0,1,Jul
150,Pushpa Back In Mumbai | Pushpa Impossible | Ep 347 | Full Episode | 17 July 2023,2023-07-19,43135,654,0,3,Jul
151,NEW! Taarak Mehta Ka Ooltah Chashmah | Ep 3826 | 18 July 2023 | Teaser,2023-07-18,2380000,36796,0,777,Jul
152,Daya ‡§ï‡•Ä ‡§¨‡§æ‡§§ ‡§∏‡•Å‡§®‡§ï‡§∞ Jethalal ‡§®‡•á ‡§ï‡§∞ ‡§≤‡§ø‡§è ‡§Ö‡§™‡§®‡•á ‡§ï‡§æ‡§® ‡§¨‡§Ç‡§¶ | Taarak Mehta Ka Ooltah Chashmah,2023-07-17,15167,120,0,10,Jul
153,NEW! Wagle Ki Duniya | Ep 715 | 15 July 2023 | Teaser,2023-07-15,223251,2400,0,59,Jul
154,NEW! Taarak Mehta Ka Ooltah Chashmah | Ep 3823 | 14 July 2023 | Teaser,2023-07-14,2174327,33375,0,683,Jul
155,Baalveer Surrenders | Baalveer S3 | Ep 52 | Full Episode | 11 July 2023,2023-07-13,521283,13093,0,529,Jul
156,Baalveer S3 | Ep 51 & Ep 52 | RECAP | ‡§¨‡§æ‡§≤‡§µ‡•Ä‡§∞ 3,2023-07-12,248117,6727,0,110,Jul
157,Rashi Asks Dilip To Apologize | Pushpa Impossible | Ep 329 | Full Episode | 26 June 2023,2023-07-11,61282,636,0,31,Jul
158,Dil Diyaan Gallaan - Dil Ki Baatein | Ep 179 & Ep 180 | RECAP | ‡§¶‡§ø‡§≤ ‡§¶‡§ø‡§Ø‡§æ‡§Å ‡§ó‡§≤‡•ç‡§≤‡§æ‡§Å - ‡§¶‡§ø‡§≤ ‡§ï‡•Ä ‡§¨‡§æ‡§§‡•á‡§Ç,2023-07-09,117931,1341,0,25,Jul
159,Nagars Become Mahajans | Vanshaj | Ep 11 | Full Episode | 23 June 2023,2023-07-08,308397,2704,0,82,Jul
160,NEW! Vanshaj | Ep 22 | 6 July 2023 | Teaser,2023-07-06,197441,2269,0,58,Jul
161,"Jethalal ‡§ï‡•ç‡§Ø‡•ã‡§Ç ‡§ï‡§∞ ‡§∞‡§π‡§æ ‡§π‡•à Sundar ‡§ï‡•ã ""‡§ó‡•Ä‡§≤‡•Ä-‡§ó‡•Ä‡§≤‡•Ä""? | Taarak Mehta Ka Ooltah Chashmah | Comedy Lagataar",2023-07-05,107601,1012,0,15,Jul
162,Dil Diyaan Gallaan - Dil Ki Baatein | ‡§¶‡§ø‡§≤ ‡§¶‡§ø‡§Ø‡§æ‡§Å ‡§ó‡§≤‡•ç‡§≤‡§æ‡§Å - ‡§¶‡§ø‡§≤ ‡§ï‡•Ä ‡§¨‡§æ‡§§‡•á‡§Ç | Ep 177 | Coming Up Next,2023-07-04,115192,1856,0,27,Jul
163,Atharva ‡§ï‡•Ä ‡§¨‡•ù‡§§‡•Ä ‡§∂‡§∞‡§æ‡§∞‡§§‡•ã‡§Ç ‡§®‡•á ‡§ï‡§ø‡§Ø‡§æ Vandana ‡§ï‡•ã ‡§™‡§∞‡•á‡§∂‡§æ‡§®! | Wagle Ki Duniya | Best From Wagle Ki Duniya,2023-07-02,298424,2224,0,47,Jul
164,Taarak Mehta Ka Ooltah Chashmah | ‡§§‡§æ‡§∞‡§ï ‡§Æ‡•á‡§π‡§§‡§æ | Ep 3813 | Coming Up Next,2023-07-01,246635,4327,0,88,Jul
165,Dhruv Executes His Plan | Dhruv Tara - Samay Sadi Se Pare | Ep 105 | Full Episode | 28 June 2023,2023-06-30,130462,2536,0,67,Jun
166,NEW! Dil Diyaan Gallaan - Dil Ki Baatein | EP 172 | 29 June 2023 | Teaser,2023-06-29,233411,2816,0,57,Jun
167,Kaashvi Ke Andar Ka Maha Jadoo | Baalveer S3 | Ep 39 | Full Episode | 26 June 2023,2023-06-28,585752,13021,0,792,Jun
168,Pyaarelal Under Pressure | Taarak Mehta Ka Ooltah Chashmah | Ep 3790 | Full Episode | 6 June 2023,2023-06-27,549742,7817,0,260,Jun
169,"Dhruv Ne Banaya Tara Ko ""Devi Maa"" | Dhruv Tara - Samay Sadi Se Pare | Mon-Sat | 8PM",2023-06-26,2827,33,0,5,Jun
170,Wagle Ki Duniya | ‡§µ‡§æ‡§ó‡§≤‡•á ‡§ï‡•Ä ‡§¶‡•Å‡§®‡§ø‡§Ø‡§æ | Ep 698 | Coming Up Next,2023-06-24,57569,749,0,24,Jun
171,NEW! Taarak Mehta Ka Ooltah Chashmah | Ep 3805 | 23 June 2023 | Teaser,2023-06-23,2065347,31441,0,655,Jun
172,Dil Diyaan Gallaan - Dil Ki Baatein | ‡§¶‡§ø‡§≤ ‡§¶‡§ø‡§Ø‡§æ‡§Å ‡§ó‡§≤‡•ç‡§≤‡§æ‡§Å - ‡§¶‡§ø‡§≤ ‡§ï‡•Ä ‡§¨‡§æ‡§§‡•á‡§Ç | Ep 167 | Coming Up Next,2023-06-22,79099,1390,0,29,Jun
173,I Love You Ka Asli Matlab | Dhruv Tara - Samay Sadi Se Pare | Ep 97 | Full Episode | 19 June 2023,2023-06-21,153937,3191,0,66,Jun
174,Baalveer S3 | ‡§¨‡§æ‡§≤‡§µ‡•Ä‡§∞ 3 | Ep 35 | Coming Up Next,2023-06-20,352921,10097,0,178,Jun
175,Dhruv Tara - Samay Sadi Se Pare - Ep 71 | Highlights | ‡§ß‡•ç‡§∞‡•Å‡§µ ‡§§‡§æ‡§∞‡§æ - ‡§∏‡§Æ‡§Ø ‡§∏‡§¶‡•Ä ‡§∏‡•á ‡§™‡§∞‡•á,2023-06-19,7020,67,0,9,Jun
176,Sakhi Ki Chinta | Wagle Ki Duniya | Ep 689 | Full Episode | 15 June 2023,2023-06-17,88916,982,0,33,Jun
177,Ahmedabad ‡§ú‡§æ‡§®‡•á ‡§ï‡§æ Plan ‡§ï‡•ç‡§Ø‡§æ ‡§π‡•ã ‡§ú‡§æ‡§è‡§ó‡§æ Cancel? | Taarak Mehta Ka Ooltah Chashmah | Viewer's Choice,2023-06-16,126776,748,0,11,Jun
178,Dhruv Tara ‚Äì Samay Sadi Se Pare | ‡§ß‡•ç‡§∞‡•Å‡§µ ‡§§‡§æ‡§∞‡§æ  | Ep 95 | Coming Up Next,2023-06-15,167230,2358,0,157,Jun
179,A Little Guest At Gada House | Taarak Mehta Ka Ooltah Chashmah | Throwback,2023-06-14,3273851,24820,0,252,Jun
180,Dil Diyaan Gallaan - Dil Ki Baatein | ‡§¶‡§ø‡§≤ ‡§¶‡§ø‡§Ø‡§æ‡§Å ‡§ó‡§≤‡•ç‡§≤‡§æ‡§Å - ‡§¶‡§ø‡§≤ ‡§ï‡•Ä ‡§¨‡§æ‡§§‡•á‡§Ç | Ep 159 | Coming Up Next,2023-06-13,79684,1516,0,17,Jun
181,NEW! Baalveer S3 | Ep 27 | 12 June 2023 | Teaser,2023-06-12,1817718,40721,0,1404,Jun
182,Weekly ReLIV - Ali Baba - Ek Andaaz Andekha - Episodes 230 To 234 | 29 May 2023 To 3 April 2023,2023-06-11,163289,917,0,12,Jun
183,Rajesh Ka Resignation | Wagle Ki Duniya | Ep 672 | Full Episode | 26 May 2023,2023-06-10,171196,1533,0,36,Jun
184,Popatlal ‡§ï‡•ã ‡§ï‡•ç‡§Ø‡•ã‡§Ç ‡§Ü ‡§∞‡§π‡•Ä ‡§π‡•à ‡§Ö‡§™‡§®‡•Ä ‡§™‡§§‡•ç‡§®‡•Ä ‡§Ø‡§æ‡§¶? | Taarak Mehta Ka Ooltah Chashmah | Viewer's Choice,2023-06-08,19850,210,0,7,Jun
185,Dhruv Tara ‚Äì Samay Sadi Se Pare | ‡§ß‡•ç‡§∞‡•Å‡§µ ‡§§‡§æ‡§∞‡§æ  | Ep 88 | Coming Up Next,2023-06-07,263465,4188,0,48,Jun
186,Ali Fasa Maut Ke Jaal Mein | Ali Baba-Ek Andaaz Andekha-Chapter 2|Ep 221 |Full Episode | 16 May 2023,2023-06-06,519771,6865,0,101,Jun
187,‡§∏‡•ã‡§®‡•á ‡§∏‡•á ‡§™‡§π‡§≤‡•á Jetha ‡§ï‡•ç‡§Ø‡•ã‡§Ç ‡§ï‡§∞ ‡§∞‡§π‡§æ ‡§π‡•à ‡§Ö‡§™‡§®‡•á ‡§Ü‡§™ ‡§∏‡•á ‡§¨‡§æ‡§§‡•á‡§Ç? |Taarak Mehta Ka Ooltah Chashmah |Jetha Jordaar,2023-06-05,147245,425,0,13,Jun
188,Weekly ReLIV - Dil Diyaan Gallaan - Episodes 139 To 144 | 22 May 2023 To 27 May 2023,2023-06-04,5831,42,0,2,Jun
189,Bhide ‡§®‡•á ‡§ï‡•ç‡§Ø‡•ã‡§Ç ‡§Æ‡§®‡§æ ‡§ï‡§ø‡§Ø‡§æ Hathi ‡§ï‡•ã ‡§ù‡•Ç‡§≤‡•á ‡§™‡§∞ ‡§¨‡•à‡§†‡§®‡•á ‡§∏‡•á? |Taarak Mehta Ka Ooltah Chashmah |Comedy Lagataar,2023-06-03,3361008,32570,0,350,Jun
190,NEW! Wagle Ki Duniya | Ep 677 | 1 June 2023 | Teaser,2023-06-01,206126,1823,0,24,Jun
191,Dhruv Tara ‚Äì Samay Sadi Se Pare | ‡§ß‡•ç‡§∞‡•Å‡§µ ‡§§‡§æ‡§∞‡§æ  | Ep 82 | Coming Up Next,2023-05-31,286759,4102,0,55,May
192,NEW! Dhruv Tara - Samay Sadi Se Pare | EP 80 | 30 May 2023 | Teaser,2023-05-30,682165,8394,0,178,May
193,Dil Diyaan Gallaan - Dil Ki Baatein - ‡§¶‡§ø‡§≤ ‡§¶‡§ø‡§Ø‡§æ‡§Å ‡§ó‡§≤‡•ç‡§≤‡§æ‡§Å - ‡§¶‡§ø‡§≤ ‡§ï‡•Ä ‡§¨‡§æ‡§§‡•á‡§Ç - Ep 146 - Coming Up Next,2023-05-29,145137,2402,0,48,May
194,Baalveer S3 - Ep 20 & Ep 21 - RECAP - ‡§¨‡§æ‡§≤‡§µ‡•Ä‡§∞ 3,2023-05-28,553570,11327,0,182,May
195,Dil Diyaan Gallaan - Ep 121 | Highlights | ‡§¶‡§ø‡§≤ ‡§¶‡§ø‡§Ø‡§æ‡§Ç ‡§ó‡§≤‡•ç‡§≤‡§æ‡§Ç,2023-05-27,4720,34,0,3,May
196,Pushpa Impossible - ‡§™‡•Å‡§∑‡•ç‡§™‡§æ ‡§á‡§Ç‡§™‡§æ‡§∏‡§ø‡§¨‡§≤  - Ep 303 - Coming Up Next,2023-05-25,109822,1360,0,24,May
197,Investor Ki Gupt Identity - Wagle Ki Duniya - Ep 668 - Full Episode - 22 May 2023,2023-05-24,77422,905,0,38,May
198,Dhruv Tara - Samay Sadi Se Pare - Ep 49 | Highlights | ‡§ß‡•ç‡§∞‡•Å‡§µ ‡§§‡§æ‡§∞‡§æ - ‡§∏‡§Æ‡§Ø ‡§∏‡§¶‡•Ä ‡§∏‡•á ‡§™‡§∞‡•á,2023-05-24,3201,29,0,5,May
199,Atharva Ka Football Selection - Wagle Ki Duniya - Ep 656 - Full Episode - 8 May 2023,2023-05-23,164111,1429,0,15,May
200,‡§ï‡•ç‡§Ø‡§æ Karishma Singh ‡§®‡•á ‡§ï‡§ø‡§Ø‡§æ ‡§π‡•à ‡§™‡§Ç‡§°‡§ø‡§§ Gangadhar ‡§ï‡•ã ‡§Ö‡§ó‡§µ‡§æ‡§π? | Full Episode| Maddam Sir Action Ka Replay,2023-05-21,37458,447,0,27,May
201,‡§ï‡•ç‡§Ø‡§æ Maddam Sir ‡§¢‡•Ç‡§Ç‡§¢ ‡§™‡§æ‡§è‡§ó‡•Ä ‡§∞‡§æ‡§ß‡§æ ‡§ï‡•á ‡§Ö‡§∏‡§≤‡•Ä ‡§Æ‡§æ‡§§‡§æ ‡§™‡§ø‡§§‡§æ ‡§ï‡•ã? | Full Episode | Maddam Sir Action Ka Replay,2023-05-20,35234,433,0,15,May
202,NEW! Dhruv Tara - Samay Sadi Se Pare  - EP 71 - 19 May 2023 - Teaser,2023-05-19,895752,12518,0,205,May
203,Will Bagha Return To Gada Electronics? - Taarak Mehta Ka Ooltah Chashmah - Throwback,2023-05-18,91948,903,0,17,May
204,Iyer's Bad Day - Taarak Mehta Ka Ooltah Chashmah - Throwback,2023-05-17,517385,4307,0,42,May
205,Dhruv Ki Boli - Dhruv Tara - Samay Sadi Se Pare - Ep 66 - Full Episode - 13 May 2023,2023-05-16,220457,4871,0,116,May
206,Wagle Ki Duniya - Ep 660 & Ep 661 - RECAP - ‡§µ‡§æ‡§ó‡§≤‡•á ‡§ï‡•Ä ‡§¶‡•Å‡§®‡§ø‡§Ø‡§æ,2023-05-15,65626,613,0,16,May
207,Weekly ReLIV - Pushpa Impossible - Episodes 257 To 262 | 1st May 2023 To 6th May 2023,2023-05-14,5522,36,0,6,May
208,Taarak Mehta Ka Ooltah Chashmah - Ep 3767 & Ep 3768 - RECAP - ‡§§‡§æ‡§∞‡§ï ‡§Æ‡•á‡§π‡§§‡§æ ‡§ï‡§æ ‡§â‡§≤‡•ç‡§ü‡§æ ‡§ö‡§∂‡•ç‡§Æ‡§æ,2023-05-13,230377,2706,0,64,May
209,Wagle Ki Duniya - Ep 657 & Ep 658 - RECAP - ‡§µ‡§æ‡§ó‡§≤‡•á ‡§ï‡•Ä ‡§¶‡•Å‡§®‡§ø‡§Ø‡§æ,2023-05-12,39153,364,0,6,May
210,Wagle Ki Duniya - Ep 656 & Ep 657 - RECAP - ‡§µ‡§æ‡§ó‡§≤‡•á ‡§ï‡•Ä ‡§¶‡•Å‡§®‡§ø‡§Ø‡§æ,2023-05-11,24749,214,0,7,May
211,Pushpa Impossible - Ep 286 & Ep 287 - RECAP - ‡§™‡•Å‡§∑‡•ç‡§™‡§æ ‡§á‡§Æ‡•ç‡§™‡•â‡§∏‡§ø‡§¨‡§≤,2023-05-10,37809,399,0,4,May
212,Bhide ‡§ï‡§æ ‡§π‡•Å‡§Ü Bus ‡§Æ‡•á‡§Ç Accident | Taarak Mehta Ka Ooltah Chashmah | Bindass Bhide,2023-05-09,133933,1504,0,36,May
213,Wagle Ki Duniya - Ep 619 | Highlights | ‡§µ‡§æ‡§ó‡§≤‡•á ‡§ï‡•Ä ‡§¶‡•Å‡§®‡§ø‡§Ø‡§æ,2023-05-08,8088,68,0,5,May
214,Dilpreet ‡§®‡•á Veer ‡§∏‡•á ‡§ï‡§π‡§æ America ‡§ú‡§æ‡§®‡•á ‡§ï‡•á ‡§≤‡§ø‡§è | Dil Diyaan Gallaan - Dil Ki Baatein,2023-05-07,153328,2009,0,42,May
215,Dhruv Tara - Samay Sadi Se Pare - Ep 34 | Highlights | ‡§ß‡•ç‡§∞‡•Å‡§µ ‡§§‡§æ‡§∞‡§æ - ‡§∏‡§Æ‡§Ø ‡§∏‡§¶‡•Ä ‡§∏‡•á ‡§™‡§∞‡•á,2023-05-06,8598,67,0,8,May
216,Is The Coupon At Risk? - Taarak Mehta Ka Ooltah Chashmah - Ep 3745 - Full Episode - 14 Apr 2023,2023-05-05,701363,9455,0,156,May
217,Vallabhgarh Jaane Ka Rasta - Dhruv Tara - Samay Sadi Se Pare - Ep 45 - Full Episode - 19 Apr 2023,2023-05-04,520765,5754,0,108,May
218,Wagle Ki Duniya - Ep 615 | Highlights | ‡§µ‡§æ‡§ó‡§≤‡•á ‡§ï‡•Ä ‡§¶‡•Å‡§®‡§ø‡§Ø‡§æ,2023-05-03,4033,27,0,6,May
219,Ali Baba - Ek Andaaz Andekha - Chapter 2 - Ep 205 | Highlights | ‡§Ö‡§≤‡•Ä ‡§¨‡§æ‡§¨‡§æ - ‡§è‡§ï ‡§Ö‡§Ç‡§¶‡§æ‡§ú‡§º ‡§Ö‡§®‡§¶‡•á‡§ñ‡§æ,2023-05-02,5695,77,0,7,May
220,Baalveer S3 - Ep 13 | Sneak Peek | ‡§¨‡§æ‡§≤‡§µ‡•Ä‡§∞ S3,2023-05-01,220500,4878,0,96,May
221,NEW! Pushpa Impossible - Ep 280 - 29 Apr 2023 - Teaser,2023-04-29,170830,2266,0,56,Apr
222,Wagle Ki Duniya - ‡§µ‡§æ‡§ó‡§≤‡•á ‡§ï‡•Ä ‡§¶‡•Å‡§®‡§ø‡§Ø‡§æ - Ep 649 - Coming Up Next,2023-04-28,56233,771,0,20,Apr
223,NEW! Wagle Ki Duniya - Ep 647 - 27 Apr 2023 - Teaser,2023-04-27,128832,1607,0,48,Apr
224,Maddam Sir ‡§ï‡•à‡§∏‡•á ‡§ñ‡§º‡§§‡§Æ ‡§ï‡§∞‡•á‡§ó‡•Ä ‡§ï‡§æ‡§≤‡•á ‡§î‡§∞ ‡§ó‡•ã‡§∞‡•á ‡§ï‡•á ‡§¨‡•Ä‡§ö ‡§ï‡§æ ‡§´‡§º‡§∞‡•ç‡§ï? |Full Episode |Maddam Sir |Action Ka Replay,2023-04-26,79568,838,0,40,Apr
225,Baba Rang Rasiya ‡§ï‡•á ‡§ñ‡§ø‡§≤‡§æ‡§´ Haseena ‡§ï‡§æ Undercover Mission! |Full Episode |Maddam Sir |Action Ka Replay,2023-04-25,59587,635,0,58,Apr
226,NEW! Ali Baba - Ek Andaaz Andekha - Chapter 2 - Ep 205 - 24 Apr  2023 - Teaser,2023-04-24,850784,14838,0,204,Apr
227,Weekly ReLIV - Dhruv Tara - Samay Sadi Se Pare - Episodes 43 To 48 | 17 April 2023 To 22 April 2023.,2023-04-23,377763,3824,0,30,Apr
228,Veer Aur Dollar Ki Ladai - Dil Diyaan Gallaan - Dil Ki Baatein - Full Episode - EP 112 - 20 Apr 2023,2023-04-22,68229,1209,0,13,Apr
229,Dilpreet Punishes Randeep - Dil Diyaan Gallaan - Dil Ki Baatein - FE- EP 101 - 7 Apr 2023,2023-04-21,184822,1957,0,26,Apr
230,Nimrit Takes A Gamble - Dil Diyaan Gallaan - Dil Ki Baatein - FE- EP 100 - 6 Apr 2023,2023-04-20,116178,1444,0,25,Apr
231,Amrita Ka Counter Plan - Dil Diyaan Gallaan - Dil Ki Baatein - Full Episode - EP 109 - 17 Apr 2023,2023-04-19,67978,1307,0,31,Apr
232,Dhruv Tara ‚Äì Samay Sadi Se Pare - ‡§ß‡•ç‡§∞‡•Å‡§µ ‡§§‡§æ‡§∞‡§æ  - Ep 45 - Coming Up Next,2023-04-18,267512,3364,0,38,Apr
233,Gokuldham ‡§µ‡§æ‡§∏‡•Ä ‡§ï‡•Ç‡§¶-‡§ï‡•Ç‡§¶ ‡§ï‡•á ‡§Æ‡§æ‡§Å‡§ó ‡§∞‡§π‡•á ‡§π‡•à‡§Ç ‡§∏‡§°‡§º‡§ï ‡§™‡•á Lift |Taarak Mehta Ka Ooltah Chashmah | Movie Car,2023-04-17,117680,1103,0,45,Apr
234,Gokuldham ‡§ï‡•á Gents ‡§ï‡•ç‡§Ø‡•ã‡§Ç ‡§π‡•ã ‡§ó‡§è ‡§ò‡§∞ ‡§∏‡•á Out? | Taarak Mehta Ka Ooltah Chashmah,2023-04-16,491402,4158,0,39,Apr
235,Wagle Ki Duniya - Ep 600 | Highlights | ‡§µ‡§æ‡§ó‡§≤‡•á ‡§ï‡•Ä ‡§¶‡•Å‡§®‡§ø‡§Ø‡§æ,2023-04-15,6699,46,0,11,Apr
236,‡§ï‡§ø‡§∏‡§®‡•á ‡§¨‡§ö‡§æ‡§à Dilpreet ‡§ï‡•Ä ‡§ú‡§æ‡§®? | Dil Diyaan Gallaan - Dil Ki Baatein,2023-04-14,104977,1286,0,42,Apr
237,Mandeep ‡§®‡•á ‡§§‡•ã‡§°‡§º‡§æ ‡§Ö‡§™‡§®‡•á ‡§ï‡§Æ‡§∞‡•á ‡§ï‡•á ‡§¶‡§∞‡§µ‡§æ‡§ú‡•á ‡§ï‡§æ Lock | Dil Diyaan Gallaan - Dil Ki Baatein,2023-04-13,38128,535,0,18,Apr
238,"Babita ‡§ï‡•ã ‡§¶‡•á‡§ñ‡§ï‡§∞ Jetha ‡§®‡•á ‡§Æ‡§æ‡§Å‡§ó‡§æ ‡§¨‡§ø‡§®‡§æ ""Butter"" ‡§µ‡§æ‡§≤‡§æ ‡§™‡§æ‡§µ | Taarak Mehta Ka Ooltah Chashmah",2023-04-12,4343789,38825,0,362,Apr
239,Suspense Khatam Hua - Taarak Mehta Ka Ooltah Chashmah - Ep 3724 - Full Episode - 21 Mar 2023,2023-04-11,1055873,13864,0,245,Apr
240,Jetha ‡§ï‡•ç‡§Ø‡•ã‡§Ç ‡§®‡§ø‡§ï‡§≤‡§æ ‡§¨‡§®‡§ø‡§Ø‡§æ‡§® ‡§™‡§π‡§® Morning Walk ‡§ï‡§∞‡§®‡•á? | Taarak Mehta Ka Ooltah Chashmah | Comedy Lagataar,2023-04-10,55259,493,0,21,Apr
241,Jetha ‡§ï‡•ã ‡§¢‡•Ç‡§Ç‡•ù‡§®‡•á Daya ‡§™‡§π‡•Å‡§Å‡§ö‡•Ä Police Station | Taarak Mehta Ka Ooltah Chashmah | Comedy Lagataar,2023-04-09,17162,135,0,8,Apr
242,Kaunsa Form Bhare? - Wagle Ki Duniya - Ep 618 - Full Episode - 24 Mar 2023,2023-04-08,403752,2494,0,64,Apr
243,Overtime Ki Bimaari - Wagle Ki Duniya - Ep 617 - Full Episode - 23 Mar 2023,2023-04-07,209538,1783,0,40,Apr
244,Pushpa Impossible - ‡§™‡•Å‡§∑‡•ç‡§™‡§æ ‡§á‡§Ç‡§™‡§æ‡§∏‡§ø‡§¨‡§≤  - Ep 260 - Coming Up Next,2023-04-05,79220,874,0,22,Apr
245,NEW! Pushpa Impossible - Ep 258 - 4 Apr 2023 - Teaser,2023-04-04,139365,1725,0,34,Apr
246,Baalveer The Protector - Baalveer S3 - Ep 5 - Full Episode - 1 Apr 2023,2023-04-03,965924,20235,0,608,Apr
247,Bhide ‡§ï‡•ç‡§Ø‡•ã‡§Ç ‡§´‡§æ‡•ú ‡§∞‡§π‡§æ ‡§π‡•à Jetha ‡§ï‡•Ä Shirt? | Taarak Mehta Ka Ooltah Chashmah | Jetha Jordaar,2023-04-02,612641,4878,0,83,Apr
248,Khujli Powder Ka Sach - Taarak Mehta Ka Ooltah Chashmah - Ep 3716 - Full Episode - 11 Mar 2023,2023-04-01,1953864,22066,0,345,Apr
249,Dhruv Tara - Samay Sadi Se Pare - Ep 26 & Ep 27 - RECAP - ‡§ß‡•ç‡§∞‡•Å‡§µ ‡§§‡§æ‡§∞‡§æ - ‡§∏‡§Æ‡§Ø ‡§∏‡§¶‡•Ä ‡§∏‡•á ‡§™‡§∞‡•á,2023-03-31,136895,1645,0,16,Mar
250,"Baalveer ‡§®‡•á ‡§ï‡•ç‡§Ø‡•ã‡§Ç ‡§ï‡§ø‡§Ø‡§æ ‡§∏‡§¨‡§ï‡•á ‡§∂‡§∞‡•Ä‡§∞ ‡§ï‡•ã ""‡§∏‡•ç‡§•‡§ø‡§∞""? | Baalveer Returns | Baalveer Journey Revisited",2023-03-30,355629,3004,0,64,Mar
251,Sabse Taakatwar Shaitan- Ali Baba - Ek Andaaz Andekha -Chapter 2 -Ep 185 -Full Episode - 27 Mar 2023,2023-03-29,679648,10949,0,188,Mar
252,Kanha Ji Ne Sun Li Tara Ki Prarthana | Dhruv Tara - Samay Sadi Se Pare | Mon-Sat | 8PM,2023-03-28,9909,118,0,7,Mar
253,NEW! Dil Diyaan Gallaan - Dil Ki Baatein  - EP 91 - 27 Mar 2023 - Teaser,2023-03-27,198447,2885,0,74,Mar
254,Maddam Sir ‡§®‡•á ‡§ï‡§ø‡§Ø‡§æ Babloo ‡§§‡•ã‡§§‡•á ‡§ï‡•ã Arrest | Maddam Sir | Haseena Malik Special | Full Episode,2023-03-26,72716,648,0,58,Mar
255,Baalveer S3 - ‡§¨‡§æ‡§≤‡§µ‡•Ä‡§∞ 3 - Ep 4 - Coming Up Next,2023-03-25,731462,15184,0,457,Mar
256,NEW! Ali Baba - Ek Andaaz Andekha - Chapter 2 - Ep 184 - 24 Mar  2023 - Teaser,2023-03-24,752078,12173,0,153,Mar
257,Ali Baba ‚Äì Ek Andaaz Andekha - Chapter 2 - ‡§Ö‡§≤‡•Ä ‡§¨‡§æ‡§¨‡§æ - Ep 184 - Coming Up Next,2023-03-23,364681,7032,0,122,Mar
258,‡§ï‡•ç‡§Ø‡§æ Vivaan ‡§ï‡•ã ‡§¨‡§ö‡§æ ‡§™‡§æ‡§è‡§ó‡•Ä ‡§Ø‡§π Ganesh ‡§ú‡•Ä ‡§ï‡•Ä ‡§Æ‡•Ç‡§∞‡•ç‡§§‡§ø? | Baalveer Returns | Baalveer Journey Revisited,2023-03-22,196379,1589,0,39,Mar
259,Gada Family ‡§ï‡•Ä Selfie ‡§Æ‡•á‡§Ç ‡§ö‡•Å‡§™‡§ï‡•á ‡§∏‡•á ‡§Ü‡§Ø‡§æ Bhide | Taarak Mehta Ka Ooltah Chashmah | Gudi Padwa Special,2023-03-21,240555,2367,0,42,Mar
260,Dhruv Tara - Samay Sadi Se Pare - Ep 17 & Ep 18 - RECAP - ‡§ß‡•ç‡§∞‡•Å‡§µ ‡§§‡§æ‡§∞‡§æ - ‡§∏‡§Æ‡§Ø ‡§∏‡§¶‡•Ä ‡§∏‡•á ‡§™‡§∞‡•á,2023-03-20,179447,2188,0,26,Mar
261,Abdul ‡§¨‡•á‡§ö‡§æ‡§∞‡§æ Popatlal ‡§ï‡•ã ‡§â‡§†‡§æ‡§§‡•á-‡§â‡§†‡§æ‡§§‡•á ‡§ñ‡•Å‡§¶ ‡§ó‡§ø‡§∞ ‡§ó‡§Ø‡§æ! | Taarak Mehta Ka Ooltah Chashmah,2023-03-19,496468,5166,0,71,Mar
262,Daya ‡§ï‡•á ‡§≤‡§ø‡§è Bawri ‡§ï‡•á Parents ‡§ï‡•ç‡§Ø‡•ã‡§Ç ‡§¢‡•Ç‡§Ç‡§¢‡•á‡§Ç‡§ó‡•á ‡§∞‡§ø‡§∂‡•ç‡§§‡§æ? | Taarak Mehta Ka Ooltah Chashmah,2023-03-18,56955,463,0,19,Mar
263,Dilpreet ‡§ï‡•á ‡§™‡•Ä‡§†-‡§™‡•Ä‡§õ‡•á Sanjot ‡§î‡§∞ Astha ‡§®‡•á ‡§ñ‡•ã‡§≤‡§æ Maan ‡§ï‡§æ Room | Dil Diyaan Gallaan - Dil Ki Baatein,2023-03-17,41650,392,0,14,Mar
264,Tara Ki Agni Pariskha - Dhruv Tara - Samay Sadi Se Pare - Ep 3 - Full Episode - 1 Mar 2023,2023-03-16,929334,10854,0,159,Mar
265,Ali Baba - Ek Andaaz Andekha - Chapter 2 - Ep 165 | Highlights | ‡§Ö‡§≤‡•Ä ‡§¨‡§æ‡§¨‡§æ - ‡§è‡§ï ‡§Ö‡§Ç‡§¶‡§æ‡§ú‡§º ‡§Ö‡§®‡§¶‡•á‡§ñ‡§æ,2023-03-15,8201,101,0,15,Mar
266,Taarak Mehta Ka Ooltah Chashmah - ‡§§‡§æ‡§∞‡§ï ‡§Æ‡•á‡§π‡§§‡§æ - Ep 3718 - Coming Up Next,2023-03-13,176353,4543,0,99,Mar
267,Weekly ReLIV - Dil Diyaan Gallaan - Episodes 73 To 78 | 6 March 2023 To 11 Mar 2023,2023-03-12,44155,499,0,6,Mar
268,NEW! Dhruv Tara - Samay Sadi Se Pare  - EP 12 - 11 Mar 2023 - Teaser,2023-03-11,485630,6167,0,146,Mar
269,Wagle Ki Duniya - Ep 603 & Ep 604 - RECAP - ‡§µ‡§æ‡§ó‡§≤‡•á ‡§ï‡•Ä ‡§¶‡•Å‡§®‡§ø‡§Ø‡§æ,2023-03-10,49479,444,0,24,Mar
270,Wagle Ki Duniya - Ep 602 & Ep 603 - RECAP - ‡§µ‡§æ‡§ó‡§≤‡•á ‡§ï‡•Ä ‡§¶‡•Å‡§®‡§ø‡§Ø‡§æ,2023-03-09,21109,212,0,8,Mar
271,Doctor Dhruv Ki Taalash - Dhruv Tara - Samay Sadi Se Pare - Ep 7 - Full Episode - 6 Mar 2023,2023-03-08,290131,5716,0,72,Mar
272,Ali Baba - Ek Andaaz Andekha - Chapter 2 - Ep 158 | Highlights | ‡§Ö‡§≤‡•Ä ‡§¨‡§æ‡§¨‡§æ - ‡§è‡§ï ‡§Ö‡§Ç‡§¶‡§æ‡§ú‡§º ‡§Ö‡§®‡§¶‡•á‡§ñ‡§æ,2023-03-07,7407,108,0,8,Mar
273,Dil Diyaan Gallaan - Dil Ki Baatein - Ep 72 | Sneak Peek | ‡§¶‡§ø‡§≤ ‡§¶‡§ø‡§Ø‡§æ‡§Å ‡§ó‡§≤‡•ç‡§≤‡§æ‡§Å,2023-03-06,112584,1485,0,9,Mar
274,Pushpa Ki Prarthana - Pushpa Impossible - Ep 230 - Full Episode - 2 Mar 2023,2023-03-04,45687,697,0,18,Mar
275,NEW! Wagle Ki Duniya - Ep 600 - 3 Mar 2023 - Teaser,2023-03-03,144900,1876,0,72,Mar
276,Jetha ‡§î‡§∞ Taarak ‡§ï‡•à‡§∏‡•á ‡§´‡§Å‡§∏ ‡§ó‡§è ‡§Ö‡§™‡§®‡•Ä ‡§π‡•Ä File ‡§ï‡•Ä ‡§π‡•Å‡§à Complaint ‡§Æ‡•á‡§Ç? | Taarak Mehta Ka Ooltah Chashmah,2023-03-02,48427,525,0,15,Mar
277,Dhruv Tara - Samay Sadi Se Pare - ‡§ß‡•ç‡§∞‡•Å‡§µ ‡§§‡§æ‡§∞‡§æ - Ep 4 - Coming Up Next,2023-03-01,163406,2333,0,109,Mar
278,Jetha ‡§ï‡•ç‡§Ø‡•ã‡§Ç ‡§®‡§ø‡§ï‡§≤‡§æ ‡§∏‡§´‡§æ‡§à ‡§Ö‡§≠‡§ø‡§Ø‡§æ‡§® ‡§™‡§∞? | Taarak Mehta Ka Ooltah Chashmah | Flashback,2023-02-28,36450,297,0,12,Feb
279,Chote Kotwal Ka Naya Thikana - Ali Baba -Ek Andaaz Andekha-Chapter 2 -Ep 145-Full Episode-6 Feb 2023,2023-02-27,699588,9570,0,316,Feb
280,Karishma Singh ‡§®‡•á Qayamant ‡§¨‡§®‡§ï‡§∞ ‡§≤‡•Ç‡§ü‡§æ ‡§Ö‡§™‡§®‡§æ ‡§π‡•Ä ‡§•‡§æ‡§®‡§æ | Best Of Maddam Sir,2023-02-26,483654,5438,0,127,Feb
281,Tapu ‡§∏‡•á ‡§ñ‡•Å‡§∂ ‡§π‡•ã‡§ï‡§∞ Bapuji ‡§®‡•á ‡§¶‡•Ä ‡§â‡§∏‡•á ‡§Ö‡§™‡§®‡•Ä Ink Pen | Taarak Mehta Ka Ooltah Chashmah,2023-02-25,58884,731,0,26,Feb
282,Dharam's Worsening Condition - Pushpa Impossible - Ep 212 - Full Episode - 9 Feb 2023,2023-02-24,64611,616,0,11,Feb
283,Dil Diyaan Gallaan - Dil Ki Baatein - Ep 62 | Sneak Peek | ‡§¶‡§ø‡§≤ ‡§¶‡§ø‡§Ø‡§æ‡§Å ‡§ó‡§≤‡•ç‡§≤‡§æ‡§Å,2023-02-23,45802,588,0,9,Feb
284,Manoj Ka Temper - Wagle Ki Duniya - Ep 589 - Full Episode - 18 Feb 2023,2023-02-21,89163,955,0,35,Feb
285,Taarak Mehta Ka Ooltah Chashmah - Ep 3697 & Ep 3698 - RECAP - ‡§§‡§æ‡§∞‡§ï ‡§Æ‡•á‡§π‡§§‡§æ ‡§ï‡§æ ‡§â‡§≤‡•ç‡§ü‡§æ ‡§ö‡§∂‡•ç‡§Æ‡§æ,2023-02-20,366442,3884,0,122,Feb
286,Maddam Sir ‡§î‡§∞ ‡§â‡§®‡§ï‡•Ä Team ‡§®‡•á ‡§π‡§∞‡§æ‡§Ø‡§æ Devaliya Brothers ‡§ï‡•ã | Maddam Sir,2023-02-19,1643994,17973,0,687,Feb
287,Wagle Ki Duniya - Ep 552 | Highlights | ‡§µ‡§æ‡§ó‡§≤‡•á ‡§ï‡•Ä ‡§¶‡•Å‡§®‡§ø‡§Ø‡§æ,2023-02-18,8571,53,0,5,Feb
288,Maddam Sir - Ep 737 & Ep 738 - RECAP - ‡§Æ‡•à‡§°‡•ç‡§°‡§Æ ‡§∏‡§∞,2023-02-17,100648,1592,0,38,Feb
289,Taarak Mehta Ka Ooltah Chashmah - Ep 3693 & Ep 3694 - RECAP - ‡§§‡§æ‡§∞‡§ï ‡§Æ‡•á‡§π‡§§‡§æ ‡§ï‡§æ ‡§â‡§≤‡•ç‡§ü‡§æ ‡§ö‡§∂‡•ç‡§Æ‡§æ,2023-02-16,403134,4233,0,53,Feb
290,Naina ‡§®‡•á Barkha ‡§ï‡•Ä Help ‡§ï‡•á ‡§≤‡§ø‡§è ‡§¨‡§®‡§æ‡§Ø‡§æ ‡§è‡§ï Solid Plan! | Maddam Sir | Haseena And Naina Special,2023-02-15,14523,185,0,31,Feb
291,Wagle Ki Duniya - Ep 548 | Highlights | ‡§µ‡§æ‡§ó‡§≤‡•á ‡§ï‡•Ä ‡§¶‡•Å‡§®‡§ø‡§Ø‡§æ,2023-02-14,9252,50,0,3,Feb
292,Ali Baba - Ek Andaaz Andekha - Chapter 2 - Ep 139 | Highlights | ‡§Ö‡§≤‡•Ä ‡§¨‡§æ‡§¨‡§æ - ‡§è‡§ï ‡§Ö‡§Ç‡§¶‡§æ‡§ú‡§º ‡§Ö‡§®‡§¶‡•á‡§ñ‡§æ,2023-02-13,19591,367,0,14,Feb
293,Shocking News For Pushpa - Pushpa Impossible - Ep 202 - Full Episode - 28 Jan 2023,2023-02-12,76483,782,0,8,Feb
294,Maddam Sir - Ep 733 | Sneak Peek | ‡§Æ‡•à‡§°‡•ç‡§°‡§Æ ‡§∏‡§∞,2023-02-11,43094,686,0,24,Feb
295,Pushpa Impossible - Ep 211 | Sneak Peek | ‡§™‡•Å‡§∑‡•ç‡§™‡§æ ‡§á‡§Ç‡§™‡•â‡§∏‡§ø‡§¨‡§≤,2023-02-10,47792,508,0,5,Feb
296,Taarak Mehta Ka Ooltah Chashmah - Ep 3688 | Sneak Peek | ‡§§‡§æ‡§∞‡§ï ‡§Æ‡•á‡§π‡§§‡§æ ‡§ï‡§æ ‡§â‡§≤‡•ç‡§ü‡§æ ‡§ö‡§∂‡•ç‡§Æ‡§æ,2023-02-09,118253,1365,0,13,Feb
297,Taarak Mehta Ka Ooltah Chashmah - Ep 3687 | Sneak Peek | ‡§§‡§æ‡§∞‡§ï ‡§Æ‡•á‡§π‡§§‡§æ ‡§ï‡§æ ‡§â‡§≤‡•ç‡§ü‡§æ ‡§ö‡§∂‡•ç‡§Æ‡§æ,2023-02-08,75983,853,0,12,Feb
298,NEW! Taarak Mehta Ka Ooltah Chashmah - Ep 3687 - 6 Feb 2023 - Teaser,2023-02-06,2315543,32103,0,490,Feb
299,Weekly ReLIV - Dil Diyaan Gallaan - Episodes 43 To 48 | 30 January To 4 February 2023,2023-02-05,103819,1335,0,11,Feb
300,Dil Diyaan Gallaan - Dil Ki Baatein - ‡§¶‡§ø‡§≤ ‡§¶‡§ø‡§Ø‡§æ‡§Å ‡§ó‡§≤‡•ç‡§≤‡§æ‡§Å - ‡§¶‡§ø‡§≤ ‡§ï‡•Ä ‡§¨‡§æ‡§§‡•á‡§Ç - Ep 49 - Coming Up Next,2023-02-04,277713,3623,0,48,Feb
301,NEW! Dil Diyaan Gallaan - Dil Ki Baatein  - EP 47 - 3 Feb 2023 - Teaser,2023-02-03,287566,4596,0,69,Feb
302,Babita ‡§ï‡•á ‡§∏‡§æ‡§Æ‡§®‡•á Jetha ‡§®‡•á ‡§ñ‡§æ‡§Ø‡§æ Bapuji ‡§∏‡•á ‡§°‡§æ‡§Å‡§ü | Taarak Mehta Ka Ooltah Chashmah | Flashback,2023-02-02,193052,1881,0,39,Feb
303,Wagle Ki Duniya - Ep 571 & Ep 572 - RECAP - ‡§µ‡§æ‡§ó‡§≤‡•á ‡§ï‡•Ä ‡§¶‡•Å‡§®‡§ø‡§Ø‡§æ,2023-02-01,34868,293,0,6,Feb
304,Thane Mein Magarmach - Maddam Sir - Ep 712 - Full Episode - 16 Jan 2023,2023-01-31,3737482,39174,0,580,Jan
305,Maddam Sir - Ep 723 | Sneak Peek | ‡§Æ‡•à‡§°‡•ç‡§°‡§Æ ‡§∏‡§∞,2023-01-30,191702,3602,0,66,Jan
306,Dil Diyaan Gallaan - Dil Ki Baatein - Ep 41 | Sneak Peek | ‡§¶‡§ø‡§≤ ‡§¶‡§ø‡§Ø‡§æ‡§Å ‡§ó‡§≤‡•ç‡§≤‡§æ‡§Å,2023-01-29,60228,804,0,8,Jan
307,Operation Bank Robbery - Maddam Sir - Ep 720 - Full Episode - 25 Jan 2023,2023-01-27,359033,6576,0,157,Jan
308,Barkha Ki Himmat - Maddam Sir - Ep 719 - Full Episode - 24 Jan 2023,2023-01-26,410746,7871,0,258,Jan
309,NEW! Wagle Ki Duniya - Ep 568 - 25 Jan 2023 - Teaser,2023-01-25,61196,676,0,16,Jan
310,Ashwin's New Opportunity- Pushpa Impossible - Ep 196 - Full Episode - 21 Jan 2023,2023-01-24,51504,728,0,23,Jan
311,New Year In Gokuldham - Taarak Mehta Ka Ooltah Chashmah - Ep 3657 - Full Episode - 2 Jan 2023,2023-01-23,1434727,16869,0,410,Jan
312,‡§ï‡•ç‡§Ø‡§æ Haseena Mallik ‡§∏‡•á ‡§π‡•Å‡§à '‡§™‡•ç‡§Ø‡§æ‡§∞ ‡§ï‡§∞‡§®‡•á ‡§ï‡•Ä ‡§ó‡§≤‡§§‡•Ä'? | Best Of Maddam Sir,2023-01-22,17667,218,0,22,Jan
313,Ali Baba - Ek Andaaz Andekha - Chapter 2 - Ep 129 & Ep 130 - RECAP - ‡§Ö‡§≤‡•Ä‡§¨‡§æ‡§¨‡§æ- ‡§è‡§ï ‡§Ö‡§Ç‡§¶‡§æ‡§ú‡§º ‡§Ö‡§®‡§¶‡•á‡§ñ‡§æ,2023-01-21,257286,4121,0,213,Jan
314,Wagle Ki Duniya - Ep 527 | Highlights | ‡§µ‡§æ‡§ó‡§≤‡•á ‡§ï‡•Ä ‡§¶‡•Å‡§®‡§ø‡§Ø‡§æ,2023-01-20,9657,42,0,5,Jan
315,Maddam Sir - Ep 678 | Highlights | ‡§Æ‡•à‡§°‡•ç‡§°‡§Æ ‡§∏‡§∞,2023-01-19,6566,65,0,13,Jan
316,Wagle Ki Duniya - Ep 560 | Sneak Peek | ‡§µ‡§æ‡§ó‡§≤‡•á ‡§ï‡•Ä ‡§¶‡•Å‡§®‡§ø‡§Ø‡§æ,2023-01-18,18478,132,0,5,Jan
317,Vinay ‡§ï‡•ã Kokila ‡§∏‡•á ‡§π‡•ã ‡§ó‡§Ø‡§æ ‡§™‡§π‡§≤‡•Ä ‡§ù‡§≤‡§ï ‡§Æ‡•á‡§Ç ‡§π‡•Ä ‡§™‡•ç‡§Ø‡§æ‡§∞ | Papad Pol | Episode 8,2023-01-16,59098,261,0,8,Jan
318,Pushpa Impossible - Ep 188 & 189 - RECAP - ‡§™‡•Å‡§∑‡•ç‡§™‡§æ ‡§á‡§Æ‡•ç‡§™‡•â‡§∏‡§ø‡§¨‡§≤,2023-01-15,58086,538,0,9,Jan
319,Wagle Ki Duniya - Ep 522 | Highlights | ‡§µ‡§æ‡§ó‡§≤‡•á ‡§ï‡•Ä ‡§¶‡•Å‡§®‡§ø‡§Ø‡§æ,2023-01-14,4505,18,0,9,Jan
320,Kittu Ki Kahani - Wagle Ki Duniya - Ep 545 - Full Episode - 29 Dec 2022,2023-01-13,532954,3432,0,62,Jan
321,NEW! Pushpa Impossible - Ep 187 - 11 Jan 2023 - Teaser,2023-01-11,174987,2037,0,35,Jan
322,Dil Diyaan Gallaan - Dil Ki Baatein - ‡§¶‡§ø‡§≤ ‡§¶‡§ø‡§Ø‡§æ‡§Å ‡§ó‡§≤‡•ç‡§≤‡§æ‡§Å - ‡§¶‡§ø‡§≤ ‡§ï‡•Ä ‡§¨‡§æ‡§§‡•á‡§Ç - Ep 27 - Coming Up Next,2023-01-10,146531,2102,0,20,Jan
323,Wagle Ki Duniya - Ep 517 | Highlights | ‡§µ‡§æ‡§ó‡§≤‡•á ‡§ï‡•Ä ‡§¶‡•Å‡§®‡§ø‡§Ø‡§æ,2023-01-09,9511,37,0,5,Jan
324,Karishma ‡§®‡•á ‡§≠‡•á‡§ú‡§æ Pushpa ‡§ú‡•Ä ‡§ï‡•ã ‡§è‡§ï Mission ‡§™‡§∞ | Best Of Maddam Sir,2023-01-07,349440,2752,0,38,Jan
325,NEW! Wagle Ki Duniya - Ep 552 - 6 Jan 2023 - Teaser,2023-01-06,295192,2632,0,69,Jan
326,Amrita's Destiny - Dil Ki Baatein - Full Episode - EP 20 - 3 Jan 2023,2023-01-05,93592,1901,0,58,Jan
327,Wagle Ki Duniya - Ep 547 & Ep 548 - RECAP - ‡§µ‡§æ‡§ó‡§≤‡•á ‡§ï‡•Ä ‡§¶‡•Å‡§®‡§ø‡§Ø‡§æ,2023-01-04,34914,288,0,8,Jan
328,Maddam Sir - ‡§Æ‡•à‡§°‡•ç‡§°‡§Æ ‡§∏‡§∞ - Ep 701 - Coming Up Next,2023-01-02,178634,3911,0,64,Jan
329,Haseena Mallik ‡§∏‡•á ‡§ï‡•å‡§® ‡§∏‡•Ä ‡§¨‡§æ‡§§ ‡§õ‡•Å‡§™‡§æ ‡§∞‡§π‡•Ä ‡§π‡•à Karishma Singh? | Maddam Sir | SAB Rewind 2022,2023-01-01,105393,1063,0,20,Jan
330,Bhide Ka Gussa - Taarak Mehta Ka Ooltah Chashmah - Ep 3638 - FE - 10 Dec 2022,2022-12-31,4385900,32876,0,238,Dec
331,Bhide ‡§ï‡•á Bum ‡§Æ‡•á‡§Ç ‡§ò‡•Å‡§∏ ‡§ó‡§à ‡§è‡§ï Needle | Taarak Mehta Ka Ooltah Chashmah,2022-12-30,578413,5794,0,66,Dec
332,Susheela Pauchi Surat - Pushpa Impossible - Ep 163 - Full Episode - 14 Dec 2022,2022-12-29,92998,955,0,14,Dec
333,Taarak Mehta Ka Ooltah Chashmah - Ep 3649 & Ep 3650 - RECAP - ‡§§‡§æ‡§∞‡§ï ‡§Æ‡•á‡§π‡§§‡§æ ‡§ï‡§æ ‡§â‡§≤‡•ç‡§ü‡§æ ‡§ö‡§∂‡•ç‡§Æ‡§æ,2022-12-28,107010,1644,0,43,Dec
334,"Gokhuldham Society Mein Aya Bhukamp! | Taarak Mehta Ka Ooltah Chashmah, Mon‚ÄìSat 8:30pm",2022-12-27,11053,98,0,5,Dec
335,Dil Diyaan Gallaan - Dil Ki Baatein -‡§¶‡§ø‡§≤ ‡§¶‡§ø‡§Ø‡§æ‡§Å ‡§ó‡§≤‡•ç‡§≤‡§æ‡§Å - ‡§¶‡§ø‡§≤ ‡§ï‡•Ä ‡§¨‡§æ‡§§‡•á‡§Ç - Ep 14 - Coming Up Next,2022-12-26,105431,1517,0,29,Dec
336,Pushpa Impossible - Ep 169 & 170 - RECAP - ‡§™‡•Å‡§∑‡•ç‡§™‡§æ ‡§á‡§Æ‡•ç‡§™‡•â‡§∏‡§ø‡§¨‡§≤,2022-12-24,108454,1039,0,18,Dec
337,Pushpa Impossible - Ep 168 & 169 - RECAP - ‡§™‡•Å‡§∑‡•ç‡§™‡§æ ‡§á‡§Æ‡•ç‡§™‡•â‡§∏‡§ø‡§¨‡§≤,2022-12-23,41430,363,0,3,Dec
338,Pushpa Impossible - Ep 167 & 168 - RECAP - ‡§™‡•Å‡§∑‡•ç‡§™‡§æ ‡§á‡§Æ‡•ç‡§™‡•â‡§∏‡§ø‡§¨‡§≤,2022-12-22,45692,382,0,5,Dec
339,Maddam Sir - Ep 687 & Ep 688 - RECAP - ‡§Æ‡•à‡§°‡•ç‡§°‡§Æ ‡§∏‡§∞,2022-12-21,149441,2222,0,31,Dec
340,‡§ï‡•ç‡§Ø‡§æ Bagha ‡§∏‡§¨‡§ï‡•ã ‡§¨‡§§‡§æ ‡§¶‡•á‡§ó‡§æ Jetha & Team¬†‡§ï‡§æ¬†‡§∏‡§ö? | Taarak Mehta Ka Ooltah Chashmah | Sony Sab Rewind,2022-12-20,57448,871,0,27,Dec
341,Ali Baba - Dastaan-e-Kabul - Ep 66 | Highlights | ‡§Ö‡§≤‡•Ä ‡§¨‡§æ‡§¨‡§æ - ‡§¶‡§æ‡§∏‡•ç‡§§‡§æ‡§®-‡§è-‡§ï‡§æ‡§¨‡•Å‡§≤,2022-12-19,12809,149,0,9,Dec
342,Taarak Mehta Ka Ooltah Chashmah - Ep 3643 | Sneak Peek | ‡§§‡§æ‡§∞‡§ï ‡§Æ‡•á‡§π‡§§‡§æ ‡§ï‡§æ ‡§â‡§≤‡•ç‡§ü‡§æ ‡§ö‡§∂‡•ç‡§Æ‡§æ,2022-12-18,99890,1639,0,26,Dec
343,Rajesh's Goa Plans - Wagle Ki Duniya - Ep 522 - Full Episode - 2 Dec 2022,2022-12-17,247944,2003,0,23,Dec
344,Taarak Mehta Ka Ooltah Chashmah - Ep 3641 | Sneak Peek | ‡§§‡§æ‡§∞‡§ï ‡§Æ‡•á‡§π‡§§‡§æ ‡§ï‡§æ ‡§â‡§≤‡•ç‡§ü‡§æ ‡§ö‡§∂‡•ç‡§Æ‡§æ,2022-12-16,499652,5984,0,74,Dec
345,Taarak Mehta Ka Ooltah Chashmah - Ep 3640 | Sneak Peek | ‡§§‡§æ‡§∞‡§ï ‡§Æ‡•á‡§π‡§§‡§æ ‡§ï‡§æ ‡§â‡§≤‡•ç‡§ü‡§æ ‡§ö‡§∂‡•ç‡§Æ‡§æ,2022-12-15,46959,561,0,12,Dec
346,Ali Baba - Dastaan-e-Kabul - Ep 97 | Sneak Peek | ‡§Ö‡§≤‡•Ä ‡§¨‡§æ‡§¨‡§æ - ‡§¶‡§æ‡§∏‡•ç‡§§‡§æ‡§®-‡§è-‡§ï‡§æ‡§¨‡•Å‡§≤,2022-12-14,46061,683,0,3,Dec
347,Ali Baba Dastaan-e-Kabul - Chapter 1 - ‡§Ö‡§≤‡•Ä ‡§¨‡§æ‡§¨‡§æ - Ep 98 - Coming Up Next,2022-12-12,374556,7166,0,52,Dec
348,Taarak Mehta Ka Ooltah Chashmah - Ep 3636 & Ep 3637 - RECAP - ‡§§‡§æ‡§∞‡§ï ‡§Æ‡•á‡§π‡§§‡§æ ‡§ï‡§æ ‡§â‡§≤‡•ç‡§ü‡§æ ‡§ö‡§∂‡•ç‡§Æ‡§æ,2022-12-11,668947,8486,0,61,Dec
349,Taarak Mehta Ka Ooltah Chashmah - Ep 3635 & Ep 3636 - RECAP - ‡§§‡§æ‡§∞‡§ï ‡§Æ‡•á‡§π‡§§‡§æ ‡§ï‡§æ ‡§â‡§≤‡•ç‡§ü‡§æ ‡§ö‡§∂‡•ç‡§Æ‡§æ,2022-12-10,299780,3559,0,42,Dec
350,Taarak Mehta Ka Ooltah Chashmah - Ep 3634 & Ep 3635 - RECAP - ‡§§‡§æ‡§∞‡§ï ‡§Æ‡•á‡§π‡§§‡§æ ‡§ï‡§æ ‡§â‡§≤‡•ç‡§ü‡§æ ‡§ö‡§∂‡•ç‡§Æ‡§æ,2022-12-09,293512,3917,0,37,Dec
351,Wagle Ki Duniya - Ep 524 & Ep 525 - RECAP - ‡§µ‡§æ‡§ó‡§≤‡•á ‡§ï‡•Ä ‡§¶‡•Å‡§®‡§ø‡§Ø‡§æ,2022-12-08,20343,161,0,3,Dec
352,Dharm Yoddha Garud - Ep 228 & Ep 229 - RECAP - ‡§ß‡§∞‡•ç‡§Æ ‡§Ø‡•ã‡§¶‡•ç‡§ß‡§æ ‡§ó‡§∞‡•Å‡•ú,2022-12-07,21390,270,0,10,Dec
353,Ali Baba - Dastaan-e-Kabul - Ep 55 | Highlights | ‡§Ö‡§≤‡•Ä ‡§¨‡§æ‡§¨‡§æ - ‡§¶‡§æ‡§∏‡•ç‡§§‡§æ‡§®-‡§è-‡§ï‡§æ‡§¨‡•Å‡§≤,2022-12-06,9773,155,0,6,Dec
354,Jetha ‡§®‡•á ‡§è‡§ï ‡§¨‡§æ‡§∞ ‡§´‡§ø‡§∞ ‡§¨‡§æ‡§Ç‡§ß‡•á Babita ‡§ú‡•Ä ‡§ï‡•Ä ‡§§‡§æ‡§∞‡•Ä‡•û ‡§Æ‡•á‡§Ç ‡§™‡•Å‡§≤ | Taarak Mehta Ka Ooltah Chashmah,2022-12-04,85232,945,0,18,Dec
355,NEW! Taarak Mehta Ka Ooltah Chashmah - Ep 3632 - 3 Dec 2022 - Teaser,2022-12-03,1683649,23079,0,374,Dec
356,Madad Ka Paigam - Ali Baba Dastaan-e-Kabul - Ep 63 - Full Episode - 2 Nov 2022,2022-12-02,1082389,15423,0,411,Dec
357,Haiwan Ka Hamla - Ali Baba Dastaan-e-Kabul - Ep 62 - Full Episode - 1 Nov 2022,2022-12-01,1000869,14268,0,184,Dec
358,Champaklal Gets Angry At Jetha - Taarak Mehta Ka Ooltah Chashmah - Throwback,2022-11-30,1359124,16400,0,342,Nov
359,Dharma Yoddha Garud - ‡§ß‡§∞‡•ç‡§Æ ‡§Ø‡•ã‡§¶‡•ç‡§ß‡§æ ‡§ó‡§∞‡•Å‡§°‡§º - EP 225 - Coming Up Next,2022-11-29,29129,581,0,20,Nov
360,Wagle Ki Duniya - Ep 517 | Sneak Peek | ‡§µ‡§æ‡§ó‡§≤‡•á ‡§ï‡•Ä ‡§¶‡•Å‡§®‡§ø‡§Ø‡§æ,2022-11-28,24796,201,0,8,Nov
361,Pushpa Impossible - ‡§™‡•Å‡§∑‡•ç‡§™‡§æ ‡§á‡§Ç‡§™‡§æ‡§∏‡§ø‡§¨‡§≤ - Ep 149 - Coming Up Next,2022-11-26,75537,991,0,6,Nov
362,NEW! Pushpa Impossible - Ep 147 - 25 Nov 2022 - Teaser,2022-11-25,220804,2962,0,28,Nov
363,Wagle Ki Duniya - ‡§µ‡§æ‡§ó‡§≤‡•á ‡§ï‡•Ä ‡§¶‡•Å‡§®‡§ø‡§Ø‡§æ - Ep 516 - Coming Up Next,2022-11-24,68125,995,0,14,Nov
364,Trouble For Jethalal - Taarak Mehtaa Ka Ooltah Chashmah,2022-11-23,2352106,21683,0,113,Nov
365,NEW! Wagle Ki Duniya - Ep 513 - 22 Nov 2022 - Teaser,2022-11-22,138441,1351,0,13,Nov
366,Taarak Mehta Ka Ooltah Chashmah - Ep 3619 & Ep 3620 - RECAP - ‡§§‡§æ‡§∞‡§ï ‡§Æ‡•á‡§π‡§§‡§æ ‡§ï‡§æ ‡§â‡§≤‡•ç‡§ü‡§æ ‡§ö‡§∂‡•ç‡§Æ‡§æ,2022-11-21,188432,2478,0,43,Nov
367,Weekly ReLIV - Ali Baba - Dastaan-e-Kabul - Episodes 67 To 72 | 7 November To 12 November 2022,2022-11-20,410724,4666,0,26,Nov
368,Sangeet Sandhya - Pushpa Impossible - Ep 129 - Full Episode - 4 Nov 2022,2022-11-19,124648,1046,0,22,Nov
369,Taarak Mehta Ka Ooltah Chashmah - Ep 3617 | Sneak Peek | ‡§§‡§æ‡§∞‡§ï ‡§Æ‡•á‡§π‡§§‡§æ ‡§ï‡§æ ‡§â‡§≤‡•ç‡§ü‡§æ ‡§ö‡§∂‡•ç‡§Æ‡§æ,2022-11-18,120627,1751,0,26,Nov
370,Ali Baba - Dastaan-e-Kabul - Ep 74 | Sneak Peek | ‡§Ö‡§≤‡•Ä ‡§¨‡§æ‡§¨‡§æ - ‡§¶‡§æ‡§∏‡•ç‡§§‡§æ‡§®-‡§è-‡§ï‡§æ‡§¨‡•Å‡§≤,2022-11-17,31394,508,0,4,Nov
371,Khala Ka Case - Maddam Sir - Ep 652 - Full Episode - 7 Nov 2022,2022-11-15,22612,298,0,17,Nov
372,Maddam Sir - Ep 656 & Ep 657 - RECAP - ‡§Æ‡•à‡§°‡•ç‡§°‡§Æ ‡§∏‡§∞,2022-11-14,298252,4179,0,70,Nov
373,Devi Chandraghanta Ki Kahani - Dharma Yoddha Garud - Full Episode - 198 - 29 Oct 2022,2022-11-13,569828,5602,0,40,Nov
374,Mariam's New Home - Ali Baba Dastaan-e-Kabul - Ep 44 - Full Episode - 11 Oct 2022,2022-11-11,1302961,19642,0,146,Nov
375,Wagle Ki Duniya - ‡§µ‡§æ‡§ó‡§≤‡•á ‡§ï‡•Ä ‡§¶‡•Å‡§®‡§ø‡§Ø‡§æ - Ep 504 - Coming Up Next,2022-11-10,31972,534,0,28,Nov
376,Popatlal's Marriage With The Witch - Taarak Mehtaa Ka Ooltah Chashmah - Throwback,2022-11-09,73772,945,0,37,Nov
377,Ashwin's Shock - Pushpa Impossible - Ep 119 - Full Episode - 24 Oct 2022,2022-11-08,125332,1253,0,12,Nov
378,Dharm Yoddha Garud - Ep 202 & Ep 203 - RECAP - ‡§ß‡§∞‡•ç‡§Æ ‡§Ø‡•ã‡§¶‡•ç‡§ß‡§æ ‡§ó‡§∞‡•Å‡•ú,2022-11-06,53879,790,0,15,Nov
379,Wagle Ki Duniya - Ep 497 | Sneak Peek | ‡§µ‡§æ‡§ó‡§≤‡•á ‡§ï‡•Ä ‡§¶‡•Å‡§®‡§ø‡§Ø‡§æ,2022-11-05,21616,207,0,7,Nov
380,Shivani Ka Purana Case - Maddam Sir - Ep 642 - Full Episode - 26 Oct 2022,2022-11-03,24276,425,0,12,Nov
381,Taarak Mehta Ka Ooltah Chashmah - ‡§§‡§æ‡§∞‡§ï ‡§Æ‡•á‡§π‡§§‡§æ - Ep 3606 - Coming Up Next,2022-11-02,140263,2893,0,71,Nov
382,Jetha Decides To Learn Swimming From Babita - Taarak Mehtaa Ka Ooltah Chashmah - Throwback,2022-11-01,655502,5459,0,88,Nov
383,Taarak's Cheat Meal  - Taarak Mehtaa Ka Ooltah Chashmah - Throwback,2022-10-31,200394,2252,0,32,Oct
384,Taarak Mehta Ka Ooltah Chashmah - Ep 3601 | Sneak Peek | ‡§§‡§æ‡§∞‡§ï ‡§Æ‡•á‡§π‡§§‡§æ ‡§ï‡§æ ‡§â‡§≤‡•ç‡§ü‡§æ ‡§ö‡§∂‡•ç‡§Æ‡§æ,2022-10-30,163972,2646,0,23,Oct
385,NEW! Maddam Sir - Ep 644 - 28 Oct 2022 - Teaser,2022-10-28,1011693,16804,0,338,Oct
386,NEW! Taarak Mehta Ka Ooltah Chashmah - Ep 3600 - 27 Oct 2022 - Teaser,2022-10-27,1462359,23607,0,929,Oct
387,Maddam Sir - Ep 639 & Ep 640 - RECAP - ‡§Æ‡•à‡§°‡•ç‡§°‡§Æ ‡§∏‡§∞,2022-10-26,213324,2666,0,28,Oct
388,NEW! Maddam Sir - Ep 640 - 24 Oct 2022 - Teaser,2022-10-24,1038780,16794,0,326,Oct
389,Ali Baba Dastaan-e-Kabul - Ep 52 & Ep 53 - RECAP - ‡§Ö‡§≤‡•Ä ‡§¨‡§æ‡§¨‡§æ - ‡§¶‡§æ‡§∏‡•ç‡§§‡§æ‡§®-‡§è-‡§ï‡§æ‡§¨‡•Å‡§≤,2022-10-23,185522,2983,0,28,Oct
390,Bhide ‡§®‡•á ‡§ï‡•ç‡§Ø‡•ã‡§Ç ‡§Æ‡§æ‡§Ç‡§ó‡•Ä Ajay Devgn ‡§∏‡•á ‡§Æ‡§æ‡§´‡•Ä | Taarak Mehta Ka Ooltah Chashmah,2022-10-22,529231,6509,0,71,Oct
391,Ali Baba - Dastaan-e-Kabul - Ep 51 | Sneak Peek | ‡§Ö‡§≤‡•Ä ‡§¨‡§æ‡§¨‡§æ - ‡§¶‡§æ‡§∏‡•ç‡§§‡§æ‡§®-‡§è-‡§ï‡§æ‡§¨‡•Å‡§≤,2022-10-21,19803,444,0,7,Oct
392,NEW! Ali Baba - Dastaan-e-Kabul - Ep 51 - 19 Oct 2022 - Teaser,2022-10-19,599057,10996,0,144,Oct
393,NEW! Pushpa Impossible - Ep 113 - 17 Oct 2022 - Teaser,2022-10-17,129672,1599,0,19,Oct
394,Weekly Reliv - Taarak Mehta Ka Ooltah Chashmah - Episodes 3579 - 3584 | 3 Oct 2022 To 8 Oct 2022,2022-10-16,186543,2342,0,75,Oct
395,Taarak Mehta Ka Ooltah Chashmah - ‡§§‡§æ‡§∞‡§ï ‡§Æ‡•á‡§π‡§§‡§æ - Ep 3590 - Coming Up Next,2022-10-14,67348,1879,0,37,Oct
396,‡§ï‡§ø‡§∏‡§ï‡•á ‡§≤‡§ø‡§è Gift ‡§≤‡•á‡§ï‡§∞ ‡§á‡§Ç‡§§‡•õ‡§æ‡§∞ ‡§ï‡§∞ ‡§∞‡§π‡§æ ‡§π‡•à Jethalal?| Taarak Mehta Ka Ooltah Chashmah,2022-10-13,950764,10670,0,107,Oct
397,NEW! Wagle Ki Duniya - Ep 477 - 11 Oct 2022 - Teaser,2022-10-11,72899,770,0,18,Oct
398,Maddam Sir - Ep 625 & Ep 626 - RECAP - ‡§Æ‡•à‡§°‡•ç‡§°‡§Æ ‡§∏‡§∞,2022-10-09,177018,2611,0,22,Oct
399,Karishma SIngh ‡§î‡§∞ Haseena Mallik ‡§π‡•Å‡§à ‡§è‡§ï ‡§¶‡•Ç‡§∏‡§∞‡•á ‡§ï‡•á Against | Maddam Sir,2022-10-08,184024,2017,0,32,Oct
